method,model,task,n,seed,accuracy,n_errors,learning_rate,batch_size,epochs,fold
all,Qwen3-0.6B,acebench_hard,5,0,0.3433333333333333,0,,,,
all,Qwen3-0.6B,acebench_hard,5,1,0.28,0,,,,
all,Qwen3-0.6B,acebench_hard,10,0,0.56,0,,,,
all,Qwen3-0.6B,acebench_hard,10,1,0.41,0,,,,
all,Qwen3-0.6B,acebench_hard,25,0,0.49666666666666665,0,,,,
all,Qwen3-0.6B,acebench_hard,25,1,0.5166666666666667,0,,,,
all,Qwen3-0.6B,acebench_hard,50,0,0.34,0,,,,
all,Qwen3-0.6B,acebench_hard,50,1,0.44666666666666666,0,,,,
all,Qwen3-0.6B,acebench_hard,100,0,0.023333333333333334,0,,,,
all,Qwen3-0.6B,acebench_hard,100,1,0.12666666666666668,0,,,,
all,Qwen3-0.6B,acebench_hard,200,0,,300,,,,
all,Qwen3-0.6B,acebench_hard,200,1,,300,,,,
all,Qwen3-0.6B,acebench_medium,5,0,0.8333333333333334,0,,,,
all,Qwen3-0.6B,acebench_medium,5,1,0.7766666666666666,0,,,,
all,Qwen3-0.6B,acebench_medium,10,0,0.7633333333333333,0,,,,
all,Qwen3-0.6B,acebench_medium,10,1,0.7666666666666667,0,,,,
all,Qwen3-0.6B,acebench_medium,25,0,0.7133333333333334,0,,,,
all,Qwen3-0.6B,acebench_medium,25,1,0.6966666666666667,0,,,,
all,Qwen3-0.6B,acebench_medium,50,0,0.7133333333333334,0,,,,
all,Qwen3-0.6B,acebench_medium,50,1,0.6866666666666666,0,,,,
all,Qwen3-0.6B,acebench_medium,100,0,0.5666666666666667,0,,,,
all,Qwen3-0.6B,acebench_medium,100,1,0.6933333333333334,0,,,,
all,Qwen3-0.6B,acebench_medium,200,0,0.25,0,,,,
all,Qwen3-0.6B,acebench_medium,200,1,0.05,0,,,,
all,Qwen3-0.6B,smart_home,5,0,0.82,0,,,,
all,Qwen3-0.6B,smart_home,5,1,0.8933333333333333,0,,,,
all,Qwen3-0.6B,smart_home,10,0,0.86,0,,,,
all,Qwen3-0.6B,smart_home,10,1,0.87,0,,,,
all,Qwen3-0.6B,smart_home,25,0,0.8733333333333333,0,,,,
all,Qwen3-0.6B,smart_home,25,1,0.8466666666666667,0,,,,
all,Qwen3-0.6B,smart_home,50,0,0.8666666666666667,0,,,,
all,Qwen3-0.6B,smart_home,50,1,0.8066666666666666,0,,,,
all,Qwen3-0.6B,smart_home,100,0,0.9,0,,,,
all,Qwen3-0.6B,smart_home,100,1,0.87,0,,,,
all,Qwen3-0.6B,smart_home,200,0,0.89,0,,,,
all,Qwen3-0.6B,smart_home,200,1,0.9166666666666666,0,,,,
all,Qwen3-0.6B,git_assistant,5,0,0.5333333333333333,0,,,,
all,Qwen3-0.6B,git_assistant,5,1,0.4266666666666667,0,,,,
all,Qwen3-0.6B,git_assistant,10,0,0.64,0,,,,
all,Qwen3-0.6B,git_assistant,10,1,0.34,0,,,,
all,Qwen3-0.6B,git_assistant,25,0,0.52,0,,,,
all,Qwen3-0.6B,git_assistant,25,1,0.6,0,,,,
all,Qwen3-0.6B,git_assistant,50,0,0.6466666666666666,0,,,,
all,Qwen3-0.6B,git_assistant,50,1,0.5966666666666667,0,,,,
all,Qwen3-0.6B,git_assistant,100,0,0.67,0,,,,
all,Qwen3-0.6B,git_assistant,100,1,0.67,0,,,,
all,Qwen3-0.6B,git_assistant,200,0,0.6966666666666667,0,,,,
all,Qwen3-0.6B,git_assistant,200,1,0.73,0,,,,
all,Qwen3-0.6B,trec,5,0,0.43666666666666665,0,,,,
all,Qwen3-0.6B,trec,5,1,0.5566666666666666,0,,,,
all,Qwen3-0.6B,trec,10,0,0.45666666666666667,0,,,,
all,Qwen3-0.6B,trec,10,1,0.5066666666666667,0,,,,
all,Qwen3-0.6B,trec,25,0,0.31,0,,,,
all,Qwen3-0.6B,trec,25,1,0.49333333333333335,0,,,,
all,Qwen3-0.6B,trec,50,0,0.5733333333333334,0,,,,
all,Qwen3-0.6B,trec,50,1,0.5633333333333334,0,,,,
all,Qwen3-0.6B,trec,100,0,0.45,0,,,,
all,Qwen3-0.6B,trec,100,1,0.42333333333333334,0,,,,
all,Qwen3-0.6B,trec,200,0,0.37666666666666665,0,,,,
all,Qwen3-0.6B,trec,200,1,0.25666666666666665,0,,,,
all,Qwen3-0.6B,ecommerce,5,0,0.3466666666666667,0,,,,
all,Qwen3-0.6B,ecommerce,5,1,0.25,0,,,,
all,Qwen3-0.6B,ecommerce,10,0,0.30333333333333334,0,,,,
all,Qwen3-0.6B,ecommerce,10,1,0.29,0,,,,
all,Qwen3-0.6B,ecommerce,25,0,0.25,0,,,,
all,Qwen3-0.6B,ecommerce,25,1,0.25,0,,,,
all,Qwen3-0.6B,ecommerce,50,0,0.25,0,,,,
all,Qwen3-0.6B,ecommerce,50,1,0.25,0,,,,
all,Qwen3-0.6B,ecommerce,100,0,0.2833333333333333,0,,,,
all,Qwen3-0.6B,ecommerce,100,1,0.25333333333333335,0,,,,
all,Qwen3-0.6B,ecommerce,200,0,0.33,0,,,,
all,Qwen3-0.6B,ecommerce,200,1,0.25,0,,,,
all,Qwen3-0.6B,injury,5,0,0.18666666666666668,0,,,,
all,Qwen3-0.6B,injury,5,1,0.25666666666666665,0,,,,
all,Qwen3-0.6B,injury,10,0,0.24666666666666667,0,,,,
all,Qwen3-0.6B,injury,10,1,0.30333333333333334,0,,,,
all,Qwen3-0.6B,injury,25,0,0.16333333333333333,0,,,,
all,Qwen3-0.6B,injury,25,1,0.3233333333333333,0,,,,
all,Qwen3-0.6B,injury,50,0,0.18666666666666668,0,,,,
all,Qwen3-0.6B,injury,50,1,0.23333333333333334,0,,,,
all,Qwen3-0.6B,injury,100,0,0.17,0,,,,
all,Qwen3-0.6B,injury,100,1,0.26666666666666666,0,,,,
all,Qwen3-0.6B,injury,200,0,0.17,0,,,,
all,Qwen3-0.6B,injury,200,1,0.20333333333333334,0,,,,
all,Qwen3-0.6B,currency,5,0,0.8166666666666667,0,,,,
all,Qwen3-0.6B,currency,5,1,0.7833333333333333,0,,,,
all,Qwen3-0.6B,currency,10,0,0.6566666666666666,0,,,,
all,Qwen3-0.6B,currency,10,1,0.8333333333333334,0,,,,
all,Qwen3-0.6B,currency,25,0,0.6966666666666667,0,,,,
all,Qwen3-0.6B,currency,25,1,0.86,0,,,,
all,Qwen3-0.6B,currency,50,0,0.73,0,,,,
all,Qwen3-0.6B,currency,50,1,0.75,0,,,,
all,Qwen3-0.6B,currency,100,0,0.72,0,,,,
all,Qwen3-0.6B,currency,100,1,0.7166666666666667,0,,,,
all,Qwen3-0.6B,currency,200,0,0.5,0,,,,
all,Qwen3-0.6B,currency,200,1,0.57,0,,,,
all,Qwen3-0.6B,dates,5,0,0.5033333333333333,0,,,,
all,Qwen3-0.6B,dates,5,1,0.5433333333333333,0,,,,
all,Qwen3-0.6B,dates,10,0,0.5766666666666667,0,,,,
all,Qwen3-0.6B,dates,10,1,0.5066666666666667,0,,,,
all,Qwen3-0.6B,dates,25,0,0.2966666666666667,0,,,,
all,Qwen3-0.6B,dates,25,1,0.2966666666666667,0,,,,
all,Qwen3-0.6B,dates,50,0,0.23,0,,,,
all,Qwen3-0.6B,dates,50,1,0.38,0,,,,
all,Qwen3-0.6B,dates,100,0,0.14666666666666667,0,,,,
all,Qwen3-0.6B,dates,100,1,0.10333333333333333,0,,,,
all,Qwen3-0.6B,dates,200,0,0.023333333333333334,0,,,,
all,Qwen3-0.6B,dates,200,1,0.013333333333333334,0,,,,
all,Qwen3-0.6B,emoji,5,0,0.9466666666666667,0,,,,
all,Qwen3-0.6B,emoji,5,1,0.85,0,,,,
all,Qwen3-0.6B,emoji,10,0,0.9733333333333334,0,,,,
all,Qwen3-0.6B,emoji,10,1,0.8466666666666667,0,,,,
all,Qwen3-0.6B,emoji,25,0,0.94,0,,,,
all,Qwen3-0.6B,emoji,25,1,0.9266666666666666,0,,,,
all,Qwen3-0.6B,emoji,50,0,0.8766666666666667,0,,,,
all,Qwen3-0.6B,emoji,50,1,0.71,0,,,,
all,Qwen3-0.6B,emoji,100,0,0.89,0,,,,
all,Qwen3-0.6B,emoji,100,1,0.9466666666666667,0,,,,
all,Qwen3-0.6B,emoji,200,0,0.9466666666666667,0,,,,
all,Qwen3-0.6B,emoji,200,1,0.86,0,,,,
all,Qwen3-0.6B,emoji_list,5,0,0.65,0,,,,
all,Qwen3-0.6B,emoji_list,5,1,0.3333333333333333,0,,,,
all,Qwen3-0.6B,emoji_list,10,0,0.6533333333333333,0,,,,
all,Qwen3-0.6B,emoji_list,10,1,0.5233333333333333,0,,,,
all,Qwen3-0.6B,emoji_list,25,0,0.6066666666666667,0,,,,
all,Qwen3-0.6B,emoji_list,25,1,0.58,0,,,,
all,Qwen3-0.6B,emoji_list,50,0,0.47333333333333333,0,,,,
all,Qwen3-0.6B,emoji_list,50,1,0.5266666666666666,0,,,,
all,Qwen3-0.6B,emoji_list,100,0,0.5433333333333333,0,,,,
all,Qwen3-0.6B,emoji_list,100,1,0.61,0,,,,
all,Qwen3-0.6B,emoji_list,200,0,0.6633333333333333,0,,,,
all,Qwen3-0.6B,emoji_list,200,1,0.6533333333333333,0,,,,
all,Qwen3-0.6B,replace,5,0,0.36,0,,,,
all,Qwen3-0.6B,replace,5,1,0.38666666666666666,0,,,,
all,Qwen3-0.6B,replace,10,0,0.34,0,,,,
all,Qwen3-0.6B,replace,10,1,0.37666666666666665,0,,,,
all,Qwen3-0.6B,replace,25,0,0.35333333333333333,0,,,,
all,Qwen3-0.6B,replace,25,1,0.37666666666666665,0,,,,
all,Qwen3-0.6B,replace,50,0,0.33666666666666667,0,,,,
all,Qwen3-0.6B,replace,50,1,0.33666666666666667,0,,,,
all,Qwen3-0.6B,replace,100,0,0.3233333333333333,0,,,,
all,Qwen3-0.6B,replace,100,1,0.26,0,,,,
all,Qwen3-0.6B,replace,200,0,0.29,0,,,,
all,Qwen3-0.6B,replace,200,1,0.24,0,,,,
all,Qwen3-0.6B,delete,5,0,0.02,0,,,,
all,Qwen3-0.6B,delete,5,1,0.01,0,,,,
all,Qwen3-0.6B,delete,10,0,0.02,0,,,,
all,Qwen3-0.6B,delete,10,1,0.02,0,,,,
all,Qwen3-0.6B,delete,25,0,0.023333333333333334,0,,,,
all,Qwen3-0.6B,delete,25,1,0.016666666666666666,0,,,,
all,Qwen3-0.6B,delete,50,0,0.016666666666666666,0,,,,
all,Qwen3-0.6B,delete,50,1,0.01,0,,,,
all,Qwen3-0.6B,delete,100,0,0.013333333333333334,0,,,,
all,Qwen3-0.6B,delete,100,1,0.013333333333333334,0,,,,
all,Qwen3-0.6B,delete,200,0,0.01,0,,,,
all,Qwen3-0.6B,delete,200,1,0.01,0,,,,
all,Qwen3-0.6B,insert_before,5,0,0.12666666666666668,0,,,,
all,Qwen3-0.6B,insert_before,5,1,0.12666666666666668,0,,,,
all,Qwen3-0.6B,insert_before,10,0,0.09333333333333334,0,,,,
all,Qwen3-0.6B,insert_before,10,1,0.09666666666666666,0,,,,
all,Qwen3-0.6B,insert_before,25,0,0.09666666666666666,0,,,,
all,Qwen3-0.6B,insert_before,25,1,0.11,0,,,,
all,Qwen3-0.6B,insert_before,50,0,0.09,0,,,,
all,Qwen3-0.6B,insert_before,50,1,0.12333333333333334,0,,,,
all,Qwen3-0.6B,insert_before,100,0,0.12333333333333334,0,,,,
all,Qwen3-0.6B,insert_before,100,1,0.12,0,,,,
all,Qwen3-0.6B,insert_before,200,0,0.1,0,,,,
all,Qwen3-0.6B,insert_before,200,1,0.11,0,,,,
all,Qwen3-0.6B,text2sql,5,0,0.6033333333333334,0,,,,
all,Qwen3-0.6B,text2sql,5,1,0.56,0,,,,
all,Qwen3-0.6B,text2sql,10,0,0.5666666666666667,0,,,,
all,Qwen3-0.6B,text2sql,10,1,0.5866666666666667,0,,,,
all,Qwen3-0.6B,text2sql,25,0,0.56,0,,,,
all,Qwen3-0.6B,text2sql,25,1,0.55,0,,,,
all,Qwen3-0.6B,text2sql,50,0,0.5366666666666666,0,,,,
all,Qwen3-0.6B,text2sql,50,1,0.56,0,,,,
all,Qwen3-0.6B,text2sql,100,0,0.51,0,,,,
all,Qwen3-0.6B,text2sql,100,1,0.48333333333333334,0,,,,
all,Qwen3-0.6B,text2sql,200,0,0.5233333333333333,0,,,,
all,Qwen3-0.6B,text2sql,200,1,0.49333333333333335,0,,,,
all,Qwen3-0.6B,docstring,5,0,0.48,0,,,,
all,Qwen3-0.6B,docstring,5,1,0.4166666666666667,0,,,,
all,Qwen3-0.6B,docstring,10,0,0.36333333333333334,0,,,,
all,Qwen3-0.6B,docstring,10,1,0.36,0,,,,
all,Qwen3-0.6B,docstring,25,0,0.3466666666666667,0,,,,
all,Qwen3-0.6B,docstring,25,1,0.36,0,,,,
all,Qwen3-0.6B,docstring,50,0,0.25333333333333335,0,,,,
all,Qwen3-0.6B,docstring,50,1,0.33666666666666667,0,,,,
all,Qwen3-0.6B,docstring,100,0,0.20333333333333334,0,,,,
all,Qwen3-0.6B,docstring,100,1,0.20666666666666667,0,,,,
all,Qwen3-0.6B,docstring,200,0,0.08666666666666667,0,,,,
all,Qwen3-0.6B,docstring,200,1,0.08666666666666667,0,,,,
all,Qwen3-0.6B,pii,5,0,0.15,0,,,,
all,Qwen3-0.6B,pii,5,1,0.07333333333333333,0,,,,
all,Qwen3-0.6B,pii,10,0,0.23,0,,,,
all,Qwen3-0.6B,pii,10,1,0.19333333333333333,0,,,,
all,Qwen3-0.6B,pii,25,0,0.26666666666666666,0,,,,
all,Qwen3-0.6B,pii,25,1,0.3333333333333333,0,,,,
all,Qwen3-0.6B,pii,50,0,0.3,0,,,,
all,Qwen3-0.6B,pii,50,1,0.3566666666666667,0,,,,
all,Qwen3-0.6B,pii,100,0,0.31,0,,,,
all,Qwen3-0.6B,pii,100,1,0.2866666666666667,0,,,,
all,Qwen3-0.6B,pii,200,0,0.2633333333333333,0,,,,
all,Qwen3-0.6B,pii,200,1,0.2866666666666667,0,,,,
all,Qwen3-1.7B,acebench_hard,5,0,0.64,0,,,,
all,Qwen3-1.7B,acebench_hard,5,1,0.6233333333333333,0,,,,
all,Qwen3-1.7B,acebench_hard,10,0,0.69,0,,,,
all,Qwen3-1.7B,acebench_hard,10,1,0.62,0,,,,
all,Qwen3-1.7B,acebench_hard,25,0,0.72,0,,,,
all,Qwen3-1.7B,acebench_hard,25,1,0.7066666666666667,0,,,,
all,Qwen3-1.7B,acebench_hard,50,0,0.6966666666666667,0,,,,
all,Qwen3-1.7B,acebench_hard,50,1,0.6633333333333333,0,,,,
all,Qwen3-1.7B,acebench_hard,100,0,0.5833333333333334,0,,,,
all,Qwen3-1.7B,acebench_hard,100,1,0.63,0,,,,
all,Qwen3-1.7B,acebench_hard,200,0,,300,,,,
all,Qwen3-1.7B,acebench_hard,200,1,,300,,,,
all,Qwen3-1.7B,acebench_medium,5,0,0.9766666666666667,0,,,,
all,Qwen3-1.7B,acebench_medium,5,1,0.9733333333333334,0,,,,
all,Qwen3-1.7B,acebench_medium,10,0,0.98,0,,,,
all,Qwen3-1.7B,acebench_medium,10,1,0.9633333333333334,0,,,,
all,Qwen3-1.7B,acebench_medium,25,0,0.96,0,,,,
all,Qwen3-1.7B,acebench_medium,25,1,0.98,0,,,,
all,Qwen3-1.7B,acebench_medium,50,0,0.9866666666666667,0,,,,
all,Qwen3-1.7B,acebench_medium,50,1,0.97,0,,,,
all,Qwen3-1.7B,acebench_medium,100,0,0.8633333333333333,0,,,,
all,Qwen3-1.7B,acebench_medium,100,1,0.9266666666666666,0,,,,
all,Qwen3-1.7B,acebench_medium,200,0,0.5933333333333334,0,,,,
all,Qwen3-1.7B,acebench_medium,200,1,0.7166666666666667,0,,,,
all,Qwen3-1.7B,smart_home,5,0,0.8766666666666667,0,,,,
all,Qwen3-1.7B,smart_home,5,1,0.93,0,,,,
all,Qwen3-1.7B,smart_home,10,0,0.8633333333333333,0,,,,
all,Qwen3-1.7B,smart_home,10,1,0.89,0,,,,
all,Qwen3-1.7B,smart_home,25,0,0.9166666666666666,0,,,,
all,Qwen3-1.7B,smart_home,25,1,0.8866666666666667,0,,,,
all,Qwen3-1.7B,smart_home,50,0,0.9033333333333333,0,,,,
all,Qwen3-1.7B,smart_home,50,1,0.92,0,,,,
all,Qwen3-1.7B,smart_home,100,0,0.91,0,,,,
all,Qwen3-1.7B,smart_home,100,1,0.89,0,,,,
all,Qwen3-1.7B,smart_home,200,0,0.9366666666666666,0,,,,
all,Qwen3-1.7B,smart_home,200,1,0.92,0,,,,
all,Qwen3-1.7B,git_assistant,5,0,0.6133333333333333,0,,,,
all,Qwen3-1.7B,git_assistant,5,1,0.25666666666666665,0,,,,
all,Qwen3-1.7B,git_assistant,10,0,0.64,0,,,,
all,Qwen3-1.7B,git_assistant,10,1,0.38666666666666666,0,,,,
all,Qwen3-1.7B,git_assistant,25,0,0.41333333333333333,0,,,,
all,Qwen3-1.7B,git_assistant,25,1,0.17666666666666667,0,,,,
all,Qwen3-1.7B,git_assistant,50,0,0.42333333333333334,0,,,,
all,Qwen3-1.7B,git_assistant,50,1,0.30333333333333334,0,,,,
all,Qwen3-1.7B,git_assistant,100,0,0.5333333333333333,0,,,,
all,Qwen3-1.7B,git_assistant,100,1,0.5933333333333334,0,,,,
all,Qwen3-1.7B,git_assistant,200,0,0.67,0,,,,
all,Qwen3-1.7B,git_assistant,200,1,0.53,0,,,,
all,Qwen3-1.7B,trec,5,0,0.5933333333333334,0,,,,
all,Qwen3-1.7B,trec,5,1,0.61,0,,,,
all,Qwen3-1.7B,trec,10,0,0.62,0,,,,
all,Qwen3-1.7B,trec,10,1,0.66,0,,,,
all,Qwen3-1.7B,trec,25,0,0.6166666666666667,0,,,,
all,Qwen3-1.7B,trec,25,1,0.6266666666666667,0,,,,
all,Qwen3-1.7B,trec,50,0,0.5066666666666667,0,,,,
all,Qwen3-1.7B,trec,50,1,0.6133333333333333,0,,,,
all,Qwen3-1.7B,trec,100,0,0.53,0,,,,
all,Qwen3-1.7B,trec,100,1,0.42,0,,,,
all,Qwen3-1.7B,trec,200,0,0.5466666666666666,0,,,,
all,Qwen3-1.7B,trec,200,1,0.5366666666666666,0,,,,
all,Qwen3-1.7B,ecommerce,5,0,0.58,0,,,,
all,Qwen3-1.7B,ecommerce,5,1,0.43666666666666665,0,,,,
all,Qwen3-1.7B,ecommerce,10,0,0.6033333333333334,0,,,,
all,Qwen3-1.7B,ecommerce,10,1,0.33666666666666667,0,,,,
all,Qwen3-1.7B,ecommerce,25,0,0.48,0,,,,
all,Qwen3-1.7B,ecommerce,25,1,0.36333333333333334,0,,,,
all,Qwen3-1.7B,ecommerce,50,0,0.30666666666666664,0,,,,
all,Qwen3-1.7B,ecommerce,50,1,0.2733333333333333,0,,,,
all,Qwen3-1.7B,ecommerce,100,0,0.28,0,,,,
all,Qwen3-1.7B,ecommerce,100,1,0.2733333333333333,0,,,,
all,Qwen3-1.7B,ecommerce,200,0,0.25333333333333335,0,,,,
all,Qwen3-1.7B,ecommerce,200,1,0.26666666666666666,0,,,,
all,Qwen3-1.7B,injury,5,0,0.48333333333333334,0,,,,
all,Qwen3-1.7B,injury,5,1,0.49,0,,,,
all,Qwen3-1.7B,injury,10,0,0.6033333333333334,0,,,,
all,Qwen3-1.7B,injury,10,1,0.6033333333333334,0,,,,
all,Qwen3-1.7B,injury,25,0,0.24333333333333335,0,,,,
all,Qwen3-1.7B,injury,25,1,0.47,0,,,,
all,Qwen3-1.7B,injury,50,0,0.25666666666666665,0,,,,
all,Qwen3-1.7B,injury,50,1,0.43666666666666665,0,,,,
all,Qwen3-1.7B,injury,100,0,0.17,0,,,,
all,Qwen3-1.7B,injury,100,1,0.53,0,,,,
all,Qwen3-1.7B,injury,200,0,0.42,0,,,,
all,Qwen3-1.7B,injury,200,1,0.48333333333333334,0,,,,
all,Qwen3-1.7B,currency,5,0,0.85,0,,,,
all,Qwen3-1.7B,currency,5,1,0.9333333333333333,0,,,,
all,Qwen3-1.7B,currency,10,0,0.9433333333333334,0,,,,
all,Qwen3-1.7B,currency,10,1,0.9466666666666667,0,,,,
all,Qwen3-1.7B,currency,25,0,0.9266666666666666,0,,,,
all,Qwen3-1.7B,currency,25,1,0.9333333333333333,0,,,,
all,Qwen3-1.7B,currency,50,0,0.9233333333333333,0,,,,
all,Qwen3-1.7B,currency,50,1,0.9333333333333333,0,,,,
all,Qwen3-1.7B,currency,100,0,0.92,0,,,,
all,Qwen3-1.7B,currency,100,1,0.9,0,,,,
all,Qwen3-1.7B,currency,200,0,0.93,0,,,,
all,Qwen3-1.7B,currency,200,1,0.9033333333333333,0,,,,
all,Qwen3-1.7B,dates,5,0,0.7966666666666666,0,,,,
all,Qwen3-1.7B,dates,5,1,0.8266666666666667,0,,,,
all,Qwen3-1.7B,dates,10,0,0.86,0,,,,
all,Qwen3-1.7B,dates,10,1,0.8966666666666666,0,,,,
all,Qwen3-1.7B,dates,25,0,0.8766666666666667,0,,,,
all,Qwen3-1.7B,dates,25,1,0.8966666666666666,0,,,,
all,Qwen3-1.7B,dates,50,0,0.8666666666666667,0,,,,
all,Qwen3-1.7B,dates,50,1,0.9,0,,,,
all,Qwen3-1.7B,dates,100,0,0.8366666666666667,0,,,,
all,Qwen3-1.7B,dates,100,1,0.86,0,,,,
all,Qwen3-1.7B,dates,200,0,0.8366666666666667,0,,,,
all,Qwen3-1.7B,dates,200,1,0.83,0,,,,
all,Qwen3-1.7B,emoji,5,0,0.96,0,,,,
all,Qwen3-1.7B,emoji,5,1,0.9233333333333333,0,,,,
all,Qwen3-1.7B,emoji,10,0,0.94,0,,,,
all,Qwen3-1.7B,emoji,10,1,0.9333333333333333,0,,,,
all,Qwen3-1.7B,emoji,25,0,0.91,0,,,,
all,Qwen3-1.7B,emoji,25,1,0.9166666666666666,0,,,,
all,Qwen3-1.7B,emoji,50,0,0.8933333333333333,0,,,,
all,Qwen3-1.7B,emoji,50,1,0.6666666666666666,0,,,,
all,Qwen3-1.7B,emoji,100,0,0.8,0,,,,
all,Qwen3-1.7B,emoji,100,1,0.6966666666666667,0,,,,
all,Qwen3-1.7B,emoji,200,0,0.94,0,,,,
all,Qwen3-1.7B,emoji,200,1,0.7733333333333333,0,,,,
all,Qwen3-1.7B,emoji_list,5,0,0.8933333333333333,0,,,,
all,Qwen3-1.7B,emoji_list,5,1,0.8933333333333333,0,,,,
all,Qwen3-1.7B,emoji_list,10,0,0.84,0,,,,
all,Qwen3-1.7B,emoji_list,10,1,0.9,0,,,,
all,Qwen3-1.7B,emoji_list,25,0,0.9066666666666666,0,,,,
all,Qwen3-1.7B,emoji_list,25,1,0.9,0,,,,
all,Qwen3-1.7B,emoji_list,50,0,0.8766666666666667,0,,,,
all,Qwen3-1.7B,emoji_list,50,1,0.7966666666666666,0,,,,
all,Qwen3-1.7B,emoji_list,100,0,0.7666666666666667,0,,,,
all,Qwen3-1.7B,emoji_list,100,1,0.7433333333333333,0,,,,
all,Qwen3-1.7B,emoji_list,200,0,0.87,0,,,,
all,Qwen3-1.7B,emoji_list,200,1,0.78,0,,,,
all,Qwen3-1.7B,replace,5,0,0.5733333333333334,0,,,,
all,Qwen3-1.7B,replace,5,1,0.55,0,,,,
all,Qwen3-1.7B,replace,10,0,0.6,0,,,,
all,Qwen3-1.7B,replace,10,1,0.5666666666666667,0,,,,
all,Qwen3-1.7B,replace,25,0,0.5233333333333333,0,,,,
all,Qwen3-1.7B,replace,25,1,0.6166666666666667,0,,,,
all,Qwen3-1.7B,replace,50,0,0.56,0,,,,
all,Qwen3-1.7B,replace,50,1,0.57,0,,,,
all,Qwen3-1.7B,replace,100,0,0.53,0,,,,
all,Qwen3-1.7B,replace,100,1,0.5633333333333334,0,,,,
all,Qwen3-1.7B,replace,200,0,0.46,0,,,,
all,Qwen3-1.7B,replace,200,1,0.12666666666666668,0,,,,
all,Qwen3-1.7B,delete,5,0,0.25666666666666665,0,,,,
all,Qwen3-1.7B,delete,5,1,0.21666666666666667,0,,,,
all,Qwen3-1.7B,delete,10,0,0.36,0,,,,
all,Qwen3-1.7B,delete,10,1,0.3,0,,,,
all,Qwen3-1.7B,delete,25,0,0.4633333333333333,0,,,,
all,Qwen3-1.7B,delete,25,1,0.44333333333333336,0,,,,
all,Qwen3-1.7B,delete,50,0,0.5166666666666667,0,,,,
all,Qwen3-1.7B,delete,50,1,0.46,0,,,,
all,Qwen3-1.7B,delete,100,0,0.46,0,,,,
all,Qwen3-1.7B,delete,100,1,0.48,0,,,,
all,Qwen3-1.7B,delete,200,0,0.44666666666666666,0,,,,
all,Qwen3-1.7B,delete,200,1,0.4533333333333333,0,,,,
all,Qwen3-1.7B,insert_before,5,0,0.21,0,,,,
all,Qwen3-1.7B,insert_before,5,1,0.15666666666666668,0,,,,
all,Qwen3-1.7B,insert_before,10,0,0.20666666666666667,0,,,,
all,Qwen3-1.7B,insert_before,10,1,0.18333333333333332,0,,,,
all,Qwen3-1.7B,insert_before,25,0,0.23666666666666666,0,,,,
all,Qwen3-1.7B,insert_before,25,1,0.21333333333333335,0,,,,
all,Qwen3-1.7B,insert_before,50,0,0.19333333333333333,0,,,,
all,Qwen3-1.7B,insert_before,50,1,0.18333333333333332,0,,,,
all,Qwen3-1.7B,insert_before,100,0,0.19,0,,,,
all,Qwen3-1.7B,insert_before,100,1,0.17,0,,,,
all,Qwen3-1.7B,insert_before,200,0,0.2,0,,,,
all,Qwen3-1.7B,insert_before,200,1,0.20666666666666667,0,,,,
all,Qwen3-1.7B,text2sql,5,0,0.77,0,,,,
all,Qwen3-1.7B,text2sql,5,1,0.7966666666666666,0,,,,
all,Qwen3-1.7B,text2sql,10,0,0.7566666666666667,0,,,,
all,Qwen3-1.7B,text2sql,10,1,0.7833333333333333,0,,,,
all,Qwen3-1.7B,text2sql,25,0,0.77,0,,,,
all,Qwen3-1.7B,text2sql,25,1,0.7433333333333333,0,,,,
all,Qwen3-1.7B,text2sql,50,0,0.7366666666666667,0,,,,
all,Qwen3-1.7B,text2sql,50,1,0.7133333333333334,0,,,,
all,Qwen3-1.7B,text2sql,100,0,0.7066666666666667,0,,,,
all,Qwen3-1.7B,text2sql,100,1,0.7,0,,,,
all,Qwen3-1.7B,text2sql,200,0,0.6966666666666667,0,,,,
all,Qwen3-1.7B,text2sql,200,1,0.7,0,,,,
all,Qwen3-1.7B,docstring,5,0,0.8133333333333334,0,,,,
all,Qwen3-1.7B,docstring,5,1,0.7766666666666666,0,,,,
all,Qwen3-1.7B,docstring,10,0,0.6633333333333333,0,,,,
all,Qwen3-1.7B,docstring,10,1,0.5566666666666666,0,,,,
all,Qwen3-1.7B,docstring,25,0,0.7,0,,,,
all,Qwen3-1.7B,docstring,25,1,0.6966666666666667,0,,,,
all,Qwen3-1.7B,docstring,50,0,0.68,0,,,,
all,Qwen3-1.7B,docstring,50,1,0.7366666666666667,0,,,,
all,Qwen3-1.7B,docstring,100,0,0.7133333333333334,0,,,,
all,Qwen3-1.7B,docstring,100,1,0.6933333333333334,0,,,,
all,Qwen3-1.7B,docstring,200,0,0.6366666666666667,0,,,,
all,Qwen3-1.7B,docstring,200,1,0.6633333333333333,0,,,,
all,Qwen3-1.7B,pii,5,0,0.36,0,,,,
all,Qwen3-1.7B,pii,5,1,0.4266666666666667,0,,,,
all,Qwen3-1.7B,pii,10,0,0.31666666666666665,0,,,,
all,Qwen3-1.7B,pii,10,1,0.5133333333333333,0,,,,
all,Qwen3-1.7B,pii,25,0,0.38333333333333336,0,,,,
all,Qwen3-1.7B,pii,25,1,0.5833333333333334,0,,,,
all,Qwen3-1.7B,pii,50,0,0.4066666666666667,0,,,,
all,Qwen3-1.7B,pii,50,1,0.5366666666666666,0,,,,
all,Qwen3-1.7B,pii,100,0,0.2,0,,,,
all,Qwen3-1.7B,pii,100,1,0.36333333333333334,0,,,,
all,Qwen3-1.7B,pii,200,0,0.33666666666666667,0,,,,
all,Qwen3-1.7B,pii,200,1,0.44333333333333336,0,,,,
all,Qwen3-4B-Instruct-2507,acebench_hard,5,0,0.76,0,,,,
all,Qwen3-4B-Instruct-2507,acebench_hard,5,1,0.75,0,,,,
all,Qwen3-4B-Instruct-2507,acebench_hard,10,0,0.77,0,,,,
all,Qwen3-4B-Instruct-2507,acebench_hard,10,1,0.7966666666666666,0,,,,
all,Qwen3-4B-Instruct-2507,acebench_hard,25,0,0.8033333333333333,0,,,,
all,Qwen3-4B-Instruct-2507,acebench_hard,25,1,0.88,0,,,,
all,Qwen3-4B-Instruct-2507,acebench_hard,50,0,0.84,0,,,,
all,Qwen3-4B-Instruct-2507,acebench_hard,50,1,0.84,0,,,,
all,Qwen3-4B-Instruct-2507,acebench_hard,100,0,0.88,0,,,,
all,Qwen3-4B-Instruct-2507,acebench_hard,100,1,0.8733333333333333,0,,,,
all,Qwen3-4B-Instruct-2507,acebench_hard,200,0,0.8766666666666667,0,,,,
all,Qwen3-4B-Instruct-2507,acebench_hard,200,1,0.8433333333333334,0,,,,
all,Qwen3-4B-Instruct-2507,acebench_medium,5,0,0.9933333333333333,0,,,,
all,Qwen3-4B-Instruct-2507,acebench_medium,5,1,0.9966666666666667,0,,,,
all,Qwen3-4B-Instruct-2507,acebench_medium,10,0,0.99,0,,,,
all,Qwen3-4B-Instruct-2507,acebench_medium,10,1,0.9966666666666667,0,,,,
all,Qwen3-4B-Instruct-2507,acebench_medium,25,0,0.99,0,,,,
all,Qwen3-4B-Instruct-2507,acebench_medium,25,1,0.9966666666666667,0,,,,
all,Qwen3-4B-Instruct-2507,acebench_medium,50,0,0.9933333333333333,0,,,,
all,Qwen3-4B-Instruct-2507,acebench_medium,50,1,0.9933333333333333,0,,,,
all,Qwen3-4B-Instruct-2507,acebench_medium,100,0,0.9933333333333333,0,,,,
all,Qwen3-4B-Instruct-2507,acebench_medium,100,1,0.9933333333333333,0,,,,
all,Qwen3-4B-Instruct-2507,acebench_medium,200,0,0.9633333333333334,0,,,,
all,Qwen3-4B-Instruct-2507,acebench_medium,200,1,0.9866666666666667,0,,,,
all,Qwen3-4B-Instruct-2507,smart_home,5,0,0.9433333333333334,0,,,,
all,Qwen3-4B-Instruct-2507,smart_home,5,1,0.9466666666666667,0,,,,
all,Qwen3-4B-Instruct-2507,smart_home,10,0,0.94,0,,,,
all,Qwen3-4B-Instruct-2507,smart_home,10,1,0.9466666666666667,0,,,,
all,Qwen3-4B-Instruct-2507,smart_home,25,0,0.95,0,,,,
all,Qwen3-4B-Instruct-2507,smart_home,25,1,0.9566666666666667,0,,,,
all,Qwen3-4B-Instruct-2507,smart_home,50,0,0.9433333333333334,0,,,,
all,Qwen3-4B-Instruct-2507,smart_home,50,1,0.9433333333333334,0,,,,
all,Qwen3-4B-Instruct-2507,smart_home,100,0,0.9533333333333334,0,,,,
all,Qwen3-4B-Instruct-2507,smart_home,100,1,0.9533333333333334,0,,,,
all,Qwen3-4B-Instruct-2507,smart_home,200,0,0.9533333333333334,0,,,,
all,Qwen3-4B-Instruct-2507,smart_home,200,1,0.9633333333333334,0,,,,
all,Qwen3-4B-Instruct-2507,git_assistant,5,0,0.9233333333333333,0,,,,
all,Qwen3-4B-Instruct-2507,git_assistant,5,1,0.86,0,,,,
all,Qwen3-4B-Instruct-2507,git_assistant,10,0,0.94,0,,,,
all,Qwen3-4B-Instruct-2507,git_assistant,10,1,0.8766666666666667,0,,,,
all,Qwen3-4B-Instruct-2507,git_assistant,25,0,0.9433333333333334,0,,,,
all,Qwen3-4B-Instruct-2507,git_assistant,25,1,0.85,0,,,,
all,Qwen3-4B-Instruct-2507,git_assistant,50,0,0.9333333333333333,0,,,,
all,Qwen3-4B-Instruct-2507,git_assistant,50,1,0.8933333333333333,0,,,,
all,Qwen3-4B-Instruct-2507,git_assistant,100,0,0.9366666666666666,0,,,,
all,Qwen3-4B-Instruct-2507,git_assistant,100,1,0.9433333333333334,0,,,,
all,Qwen3-4B-Instruct-2507,git_assistant,200,0,0.9233333333333333,0,,,,
all,Qwen3-4B-Instruct-2507,git_assistant,200,1,0.9466666666666667,0,,,,
all,Qwen3-4B-Instruct-2507,trec,5,0,0.7866666666666666,0,,,,
all,Qwen3-4B-Instruct-2507,trec,5,1,0.7266666666666667,0,,,,
all,Qwen3-4B-Instruct-2507,trec,10,0,0.8066666666666666,0,,,,
all,Qwen3-4B-Instruct-2507,trec,10,1,0.7633333333333333,0,,,,
all,Qwen3-4B-Instruct-2507,trec,25,0,0.7966666666666666,0,,,,
all,Qwen3-4B-Instruct-2507,trec,25,1,0.8333333333333334,0,,,,
all,Qwen3-4B-Instruct-2507,trec,50,0,0.8633333333333333,0,,,,
all,Qwen3-4B-Instruct-2507,trec,50,1,0.8233333333333334,0,,,,
all,Qwen3-4B-Instruct-2507,trec,100,0,0.89,0,,,,
all,Qwen3-4B-Instruct-2507,trec,100,1,0.8733333333333333,0,,,,
all,Qwen3-4B-Instruct-2507,trec,200,0,0.8866666666666667,0,,,,
all,Qwen3-4B-Instruct-2507,trec,200,1,0.8833333333333333,0,,,,
all,Qwen3-4B-Instruct-2507,ecommerce,5,0,0.8833333333333333,0,,,,
all,Qwen3-4B-Instruct-2507,ecommerce,5,1,0.8566666666666667,0,,,,
all,Qwen3-4B-Instruct-2507,ecommerce,10,0,0.8833333333333333,0,,,,
all,Qwen3-4B-Instruct-2507,ecommerce,10,1,0.87,0,,,,
all,Qwen3-4B-Instruct-2507,ecommerce,25,0,0.8733333333333333,0,,,,
all,Qwen3-4B-Instruct-2507,ecommerce,25,1,0.8766666666666667,0,,,,
all,Qwen3-4B-Instruct-2507,ecommerce,50,0,0.86,0,,,,
all,Qwen3-4B-Instruct-2507,ecommerce,50,1,0.8566666666666667,0,,,,
all,Qwen3-4B-Instruct-2507,ecommerce,100,0,0.86,0,,,,
all,Qwen3-4B-Instruct-2507,ecommerce,100,1,0.8633333333333333,0,,,,
all,Qwen3-4B-Instruct-2507,ecommerce,200,0,0.84,0,,,,
all,Qwen3-4B-Instruct-2507,ecommerce,200,1,0.8,0,,,,
all,Qwen3-4B-Instruct-2507,injury,5,0,0.6833333333333333,0,,,,
all,Qwen3-4B-Instruct-2507,injury,5,1,0.6766666666666666,0,,,,
all,Qwen3-4B-Instruct-2507,injury,10,0,0.79,0,,,,
all,Qwen3-4B-Instruct-2507,injury,10,1,0.7533333333333333,0,,,,
all,Qwen3-4B-Instruct-2507,injury,25,0,0.79,0,,,,
all,Qwen3-4B-Instruct-2507,injury,25,1,0.72,0,,,,
all,Qwen3-4B-Instruct-2507,injury,50,0,0.8,0,,,,
all,Qwen3-4B-Instruct-2507,injury,50,1,0.7366666666666667,0,,,,
all,Qwen3-4B-Instruct-2507,injury,100,0,0.5866666666666667,0,,,,
all,Qwen3-4B-Instruct-2507,injury,100,1,0.6866666666666666,0,,,,
all,Qwen3-4B-Instruct-2507,injury,200,0,0.38333333333333336,0,,,,
all,Qwen3-4B-Instruct-2507,injury,200,1,0.42333333333333334,0,,,,
all,Qwen3-4B-Instruct-2507,currency,5,0,0.9966666666666667,0,,,,
all,Qwen3-4B-Instruct-2507,currency,5,1,0.9966666666666667,0,,,,
all,Qwen3-4B-Instruct-2507,currency,10,0,0.99,0,,,,
all,Qwen3-4B-Instruct-2507,currency,10,1,0.9933333333333333,0,,,,
all,Qwen3-4B-Instruct-2507,currency,25,0,0.9766666666666667,0,,,,
all,Qwen3-4B-Instruct-2507,currency,25,1,0.98,0,,,,
all,Qwen3-4B-Instruct-2507,currency,50,0,0.9633333333333334,0,,,,
all,Qwen3-4B-Instruct-2507,currency,50,1,0.97,0,,,,
all,Qwen3-4B-Instruct-2507,currency,100,0,0.9133333333333333,0,,,,
all,Qwen3-4B-Instruct-2507,currency,100,1,0.9466666666666667,0,,,,
all,Qwen3-4B-Instruct-2507,currency,200,0,0.9666666666666667,0,,,,
all,Qwen3-4B-Instruct-2507,currency,200,1,0.9633333333333334,0,,,,
all,Qwen3-4B-Instruct-2507,dates,5,0,0.98,0,,,,
all,Qwen3-4B-Instruct-2507,dates,5,1,0.99,0,,,,
all,Qwen3-4B-Instruct-2507,dates,10,0,0.9833333333333333,0,,,,
all,Qwen3-4B-Instruct-2507,dates,10,1,0.9933333333333333,0,,,,
all,Qwen3-4B-Instruct-2507,dates,25,0,0.9833333333333333,0,,,,
all,Qwen3-4B-Instruct-2507,dates,25,1,0.9666666666666667,0,,,,
all,Qwen3-4B-Instruct-2507,dates,50,0,0.96,0,,,,
all,Qwen3-4B-Instruct-2507,dates,50,1,0.9766666666666667,0,,,,
all,Qwen3-4B-Instruct-2507,dates,100,0,0.9333333333333333,0,,,,
all,Qwen3-4B-Instruct-2507,dates,100,1,0.9833333333333333,0,,,,
all,Qwen3-4B-Instruct-2507,dates,200,0,0.97,0,,,,
all,Qwen3-4B-Instruct-2507,dates,200,1,0.97,0,,,,
all,Qwen3-4B-Instruct-2507,emoji,5,0,0.9866666666666667,0,,,,
all,Qwen3-4B-Instruct-2507,emoji,5,1,0.9933333333333333,0,,,,
all,Qwen3-4B-Instruct-2507,emoji,10,0,0.9833333333333333,0,,,,
all,Qwen3-4B-Instruct-2507,emoji,10,1,0.9966666666666667,0,,,,
all,Qwen3-4B-Instruct-2507,emoji,25,0,0.9733333333333334,0,,,,
all,Qwen3-4B-Instruct-2507,emoji,25,1,0.98,0,,,,
all,Qwen3-4B-Instruct-2507,emoji,50,0,0.9733333333333334,0,,,,
all,Qwen3-4B-Instruct-2507,emoji,50,1,0.9733333333333334,0,,,,
all,Qwen3-4B-Instruct-2507,emoji,100,0,0.98,0,,,,
all,Qwen3-4B-Instruct-2507,emoji,100,1,0.9733333333333334,0,,,,
all,Qwen3-4B-Instruct-2507,emoji,200,0,0.94,0,,,,
all,Qwen3-4B-Instruct-2507,emoji,200,1,0.9633333333333334,0,,,,
all,Qwen3-4B-Instruct-2507,emoji_list,5,0,0.9966666666666667,0,,,,
all,Qwen3-4B-Instruct-2507,emoji_list,5,1,0.9933333333333333,0,,,,
all,Qwen3-4B-Instruct-2507,emoji_list,10,0,0.9733333333333334,0,,,,
all,Qwen3-4B-Instruct-2507,emoji_list,10,1,0.99,0,,,,
all,Qwen3-4B-Instruct-2507,emoji_list,25,0,0.97,0,,,,
all,Qwen3-4B-Instruct-2507,emoji_list,25,1,0.9433333333333334,0,,,,
all,Qwen3-4B-Instruct-2507,emoji_list,50,0,0.9933333333333333,0,,,,
all,Qwen3-4B-Instruct-2507,emoji_list,50,1,0.99,0,,,,
all,Qwen3-4B-Instruct-2507,emoji_list,100,0,0.99,0,,,,
all,Qwen3-4B-Instruct-2507,emoji_list,100,1,0.99,0,,,,
all,Qwen3-4B-Instruct-2507,emoji_list,200,0,0.97,0,,,,
all,Qwen3-4B-Instruct-2507,emoji_list,200,1,0.9566666666666667,0,,,,
all,Qwen3-4B-Instruct-2507,replace,5,0,0.7733333333333333,0,,,,
all,Qwen3-4B-Instruct-2507,replace,5,1,0.7666666666666667,0,,,,
all,Qwen3-4B-Instruct-2507,replace,10,0,0.7833333333333333,0,,,,
all,Qwen3-4B-Instruct-2507,replace,10,1,0.7533333333333333,0,,,,
all,Qwen3-4B-Instruct-2507,replace,25,0,0.7533333333333333,0,,,,
all,Qwen3-4B-Instruct-2507,replace,25,1,0.7533333333333333,0,,,,
all,Qwen3-4B-Instruct-2507,replace,50,0,0.7633333333333333,0,,,,
all,Qwen3-4B-Instruct-2507,replace,50,1,0.75,0,,,,
all,Qwen3-4B-Instruct-2507,replace,100,0,0.7466666666666667,0,,,,
all,Qwen3-4B-Instruct-2507,replace,100,1,0.7633333333333333,0,,,,
all,Qwen3-4B-Instruct-2507,replace,200,0,0.7633333333333333,0,,,,
all,Qwen3-4B-Instruct-2507,replace,200,1,0.75,0,,,,
all,Qwen3-4B-Instruct-2507,delete,5,0,0.65,0,,,,
all,Qwen3-4B-Instruct-2507,delete,5,1,0.68,0,,,,
all,Qwen3-4B-Instruct-2507,delete,10,0,0.75,0,,,,
all,Qwen3-4B-Instruct-2507,delete,10,1,0.7566666666666667,0,,,,
all,Qwen3-4B-Instruct-2507,delete,25,0,0.7833333333333333,0,,,,
all,Qwen3-4B-Instruct-2507,delete,25,1,0.7633333333333333,0,,,,
all,Qwen3-4B-Instruct-2507,delete,50,0,0.7833333333333333,0,,,,
all,Qwen3-4B-Instruct-2507,delete,50,1,0.7866666666666666,0,,,,
all,Qwen3-4B-Instruct-2507,delete,100,0,0.7966666666666666,0,,,,
all,Qwen3-4B-Instruct-2507,delete,100,1,0.7766666666666666,0,,,,
all,Qwen3-4B-Instruct-2507,delete,200,0,0.79,0,,,,
all,Qwen3-4B-Instruct-2507,delete,200,1,0.7833333333333333,0,,,,
all,Qwen3-4B-Instruct-2507,insert_before,5,0,0.48333333333333334,0,,,,
all,Qwen3-4B-Instruct-2507,insert_before,5,1,0.5266666666666666,0,,,,
all,Qwen3-4B-Instruct-2507,insert_before,10,0,0.4866666666666667,0,,,,
all,Qwen3-4B-Instruct-2507,insert_before,10,1,0.49666666666666665,0,,,,
all,Qwen3-4B-Instruct-2507,insert_before,25,0,0.41333333333333333,0,,,,
all,Qwen3-4B-Instruct-2507,insert_before,25,1,0.42333333333333334,0,,,,
all,Qwen3-4B-Instruct-2507,insert_before,50,0,0.43666666666666665,0,,,,
all,Qwen3-4B-Instruct-2507,insert_before,50,1,0.4666666666666667,0,,,,
all,Qwen3-4B-Instruct-2507,insert_before,100,0,0.5033333333333333,0,,,,
all,Qwen3-4B-Instruct-2507,insert_before,100,1,0.49333333333333335,0,,,,
all,Qwen3-4B-Instruct-2507,insert_before,200,0,0.5066666666666667,0,,,,
all,Qwen3-4B-Instruct-2507,insert_before,200,1,0.5833333333333334,0,,,,
all,Qwen3-4B-Instruct-2507,text2sql,5,0,0.88,0,,,,
all,Qwen3-4B-Instruct-2507,text2sql,5,1,0.9,0,,,,
all,Qwen3-4B-Instruct-2507,text2sql,10,0,0.8633333333333333,0,,,,
all,Qwen3-4B-Instruct-2507,text2sql,10,1,0.8933333333333333,0,,,,
all,Qwen3-4B-Instruct-2507,text2sql,25,0,0.8833333333333333,0,,,,
all,Qwen3-4B-Instruct-2507,text2sql,25,1,0.88,0,,,,
all,Qwen3-4B-Instruct-2507,text2sql,50,0,0.8866666666666667,0,,,,
all,Qwen3-4B-Instruct-2507,text2sql,50,1,0.8933333333333333,0,,,,
all,Qwen3-4B-Instruct-2507,text2sql,100,0,0.87,0,,,,
all,Qwen3-4B-Instruct-2507,text2sql,100,1,0.8866666666666667,0,,,,
all,Qwen3-4B-Instruct-2507,text2sql,200,0,0.8766666666666667,0,,,,
all,Qwen3-4B-Instruct-2507,text2sql,200,1,0.8733333333333333,0,,,,
all,Qwen3-4B-Instruct-2507,docstring,5,0,0.9,0,,,,
all,Qwen3-4B-Instruct-2507,docstring,5,1,0.8933333333333333,0,,,,
all,Qwen3-4B-Instruct-2507,docstring,10,0,0.89,0,,,,
all,Qwen3-4B-Instruct-2507,docstring,10,1,0.9066666666666666,0,,,,
all,Qwen3-4B-Instruct-2507,docstring,25,0,0.8966666666666666,0,,,,
all,Qwen3-4B-Instruct-2507,docstring,25,1,0.8766666666666667,0,,,,
all,Qwen3-4B-Instruct-2507,docstring,50,0,0.8966666666666666,0,,,,
all,Qwen3-4B-Instruct-2507,docstring,50,1,0.89,0,,,,
all,Qwen3-4B-Instruct-2507,docstring,100,0,0.92,0,,,,
all,Qwen3-4B-Instruct-2507,docstring,100,1,0.9066666666666666,0,,,,
all,Qwen3-4B-Instruct-2507,docstring,200,0,0.8766666666666667,0,,,,
all,Qwen3-4B-Instruct-2507,docstring,200,1,0.8366666666666667,0,,,,
all,Qwen3-4B-Instruct-2507,pii,5,0,0.7466666666666667,0,,,,
all,Qwen3-4B-Instruct-2507,pii,5,1,0.7233333333333334,0,,,,
all,Qwen3-4B-Instruct-2507,pii,10,0,0.77,0,,,,
all,Qwen3-4B-Instruct-2507,pii,10,1,0.7466666666666667,0,,,,
all,Qwen3-4B-Instruct-2507,pii,25,0,0.71,0,,,,
all,Qwen3-4B-Instruct-2507,pii,25,1,0.7733333333333333,0,,,,
all,Qwen3-4B-Instruct-2507,pii,50,0,0.7566666666666667,0,,,,
all,Qwen3-4B-Instruct-2507,pii,50,1,0.81,0,,,,
all,Qwen3-4B-Instruct-2507,pii,100,0,0.7566666666666667,0,,,,
all,Qwen3-4B-Instruct-2507,pii,100,1,0.7833333333333333,0,,,,
all,Qwen3-4B-Instruct-2507,pii,200,0,0.78,0,,,,
all,Qwen3-4B-Instruct-2507,pii,200,1,0.7833333333333333,0,,,,
all,Qwen3-8B,acebench_hard,5,0,0.7866666666666666,0,,,,
all,Qwen3-8B,acebench_hard,5,1,0.78,0,,,,
all,Qwen3-8B,acebench_hard,10,0,0.7966666666666666,0,,,,
all,Qwen3-8B,acebench_hard,10,1,0.84,0,,,,
all,Qwen3-8B,acebench_hard,25,0,0.8333333333333334,0,,,,
all,Qwen3-8B,acebench_hard,25,1,0.8766666666666667,0,,,,
all,Qwen3-8B,acebench_hard,50,0,0.8066666666666666,0,,,,
all,Qwen3-8B,acebench_hard,50,1,0.7766666666666666,0,,,,
all,Qwen3-8B,acebench_hard,100,0,0.8,0,,,,
all,Qwen3-8B,acebench_hard,100,1,0.7966666666666666,0,,,,
all,Qwen3-8B,acebench_hard,200,0,,300,,,,
all,Qwen3-8B,acebench_hard,200,1,,300,,,,
all,Qwen3-8B,acebench_medium,5,0,0.98,0,,,,
all,Qwen3-8B,acebench_medium,5,1,0.9966666666666667,0,,,,
all,Qwen3-8B,acebench_medium,10,0,0.9833333333333333,0,,,,
all,Qwen3-8B,acebench_medium,10,1,0.9966666666666667,0,,,,
all,Qwen3-8B,acebench_medium,25,0,0.9866666666666667,0,,,,
all,Qwen3-8B,acebench_medium,25,1,0.9933333333333333,0,,,,
all,Qwen3-8B,acebench_medium,50,0,0.99,0,,,,
all,Qwen3-8B,acebench_medium,50,1,0.9966666666666667,0,,,,
all,Qwen3-8B,acebench_medium,100,0,0.9866666666666667,0,,,,
all,Qwen3-8B,acebench_medium,100,1,0.99,0,,,,
all,Qwen3-8B,acebench_medium,200,0,0.9766666666666667,0,,,,
all,Qwen3-8B,acebench_medium,200,1,0.97,0,,,,
all,Qwen3-8B,smart_home,5,0,0.9133333333333333,0,,,,
all,Qwen3-8B,smart_home,5,1,0.9233333333333333,0,,,,
all,Qwen3-8B,smart_home,10,0,0.9066666666666666,0,,,,
all,Qwen3-8B,smart_home,10,1,0.9466666666666667,0,,,,
all,Qwen3-8B,smart_home,25,0,0.9366666666666666,0,,,,
all,Qwen3-8B,smart_home,25,1,0.9433333333333334,0,,,,
all,Qwen3-8B,smart_home,50,0,0.94,0,,,,
all,Qwen3-8B,smart_home,50,1,0.9466666666666667,0,,,,
all,Qwen3-8B,smart_home,100,0,0.9466666666666667,0,,,,
all,Qwen3-8B,smart_home,100,1,0.95,0,,,,
all,Qwen3-8B,smart_home,200,0,0.9533333333333334,0,,,,
all,Qwen3-8B,smart_home,200,1,0.9533333333333334,0,,,,
all,Qwen3-8B,git_assistant,5,0,0.9266666666666666,0,,,,
all,Qwen3-8B,git_assistant,5,1,0.9333333333333333,0,,,,
all,Qwen3-8B,git_assistant,10,0,0.9533333333333334,0,,,,
all,Qwen3-8B,git_assistant,10,1,0.9366666666666666,0,,,,
all,Qwen3-8B,git_assistant,25,0,0.9566666666666667,0,,,,
all,Qwen3-8B,git_assistant,25,1,0.93,0,,,,
all,Qwen3-8B,git_assistant,50,0,0.96,0,,,,
all,Qwen3-8B,git_assistant,50,1,0.9366666666666666,0,,,,
all,Qwen3-8B,git_assistant,100,0,0.9533333333333334,0,,,,
all,Qwen3-8B,git_assistant,100,1,0.9533333333333334,0,,,,
all,Qwen3-8B,git_assistant,200,0,0.9566666666666667,0,,,,
all,Qwen3-8B,git_assistant,200,1,0.9633333333333334,0,,,,
all,Qwen3-8B,trec,5,0,0.6933333333333334,0,,,,
all,Qwen3-8B,trec,5,1,0.75,0,,,,
all,Qwen3-8B,trec,10,0,0.75,0,,,,
all,Qwen3-8B,trec,10,1,0.7833333333333333,0,,,,
all,Qwen3-8B,trec,25,0,0.78,0,,,,
all,Qwen3-8B,trec,25,1,0.8033333333333333,0,,,,
all,Qwen3-8B,trec,50,0,0.7966666666666666,0,,,,
all,Qwen3-8B,trec,50,1,0.75,0,,,,
all,Qwen3-8B,trec,100,0,0.7266666666666667,0,,,,
all,Qwen3-8B,trec,100,1,0.7,0,,,,
all,Qwen3-8B,trec,200,0,0.7066666666666667,0,,,,
all,Qwen3-8B,trec,200,1,0.7566666666666667,0,,,,
all,Qwen3-8B,ecommerce,5,0,0.8866666666666667,0,,,,
all,Qwen3-8B,ecommerce,5,1,0.8633333333333333,0,,,,
all,Qwen3-8B,ecommerce,10,0,0.88,0,,,,
all,Qwen3-8B,ecommerce,10,1,0.8833333333333333,0,,,,
all,Qwen3-8B,ecommerce,25,0,0.7666666666666667,0,,,,
all,Qwen3-8B,ecommerce,25,1,0.88,0,,,,
all,Qwen3-8B,ecommerce,50,0,0.8233333333333334,0,,,,
all,Qwen3-8B,ecommerce,50,1,0.8733333333333333,0,,,,
all,Qwen3-8B,ecommerce,100,0,0.76,0,,,,
all,Qwen3-8B,ecommerce,100,1,0.83,0,,,,
all,Qwen3-8B,ecommerce,200,0,0.72,0,,,,
all,Qwen3-8B,ecommerce,200,1,0.84,0,,,,
all,Qwen3-8B,injury,5,0,0.66,0,,,,
all,Qwen3-8B,injury,5,1,0.7033333333333334,0,,,,
all,Qwen3-8B,injury,10,0,0.7466666666666667,0,,,,
all,Qwen3-8B,injury,10,1,0.76,0,,,,
all,Qwen3-8B,injury,25,0,0.79,0,,,,
all,Qwen3-8B,injury,25,1,0.78,0,,,,
all,Qwen3-8B,injury,50,0,0.78,0,,,,
all,Qwen3-8B,injury,50,1,0.7566666666666667,0,,,,
all,Qwen3-8B,injury,100,0,0.7266666666666667,0,,,,
all,Qwen3-8B,injury,100,1,0.7966666666666666,0,,,,
all,Qwen3-8B,injury,200,0,0.5466666666666666,0,,,,
all,Qwen3-8B,injury,200,1,0.6733333333333333,0,,,,
all,Qwen3-8B,currency,5,0,0.9933333333333333,0,,,,
all,Qwen3-8B,currency,5,1,1.0,0,,,,
all,Qwen3-8B,currency,10,0,0.9933333333333333,0,,,,
all,Qwen3-8B,currency,10,1,0.9933333333333333,0,,,,
all,Qwen3-8B,currency,25,0,0.9666666666666667,0,,,,
all,Qwen3-8B,currency,25,1,0.9966666666666667,0,,,,
all,Qwen3-8B,currency,50,0,0.9566666666666667,0,,,,
all,Qwen3-8B,currency,50,1,0.7433333333333333,0,,,,
all,Qwen3-8B,currency,100,0,0.98,0,,,,
all,Qwen3-8B,currency,100,1,0.7666666666666667,0,,,,
all,Qwen3-8B,currency,200,0,0.95,0,,,,
all,Qwen3-8B,currency,200,1,0.9833333333333333,0,,,,
all,Qwen3-8B,dates,5,0,0.9633333333333334,0,,,,
all,Qwen3-8B,dates,5,1,0.9533333333333334,0,,,,
all,Qwen3-8B,dates,10,0,0.9566666666666667,0,,,,
all,Qwen3-8B,dates,10,1,0.96,0,,,,
all,Qwen3-8B,dates,25,0,0.9666666666666667,0,,,,
all,Qwen3-8B,dates,25,1,0.9733333333333334,0,,,,
all,Qwen3-8B,dates,50,0,0.96,0,,,,
all,Qwen3-8B,dates,50,1,0.9566666666666667,0,,,,
all,Qwen3-8B,dates,100,0,0.9066666666666666,0,,,,
all,Qwen3-8B,dates,100,1,0.89,0,,,,
all,Qwen3-8B,dates,200,0,0.8733333333333333,0,,,,
all,Qwen3-8B,dates,200,1,0.9166666666666666,0,,,,
all,Qwen3-8B,emoji,5,0,0.9866666666666667,0,,,,
all,Qwen3-8B,emoji,5,1,0.9866666666666667,0,,,,
all,Qwen3-8B,emoji,10,0,0.9866666666666667,0,,,,
all,Qwen3-8B,emoji,10,1,0.9866666666666667,0,,,,
all,Qwen3-8B,emoji,25,0,0.9966666666666667,0,,,,
all,Qwen3-8B,emoji,25,1,0.9866666666666667,0,,,,
all,Qwen3-8B,emoji,50,0,0.9966666666666667,0,,,,
all,Qwen3-8B,emoji,50,1,0.99,0,,,,
all,Qwen3-8B,emoji,100,0,0.9833333333333333,0,,,,
all,Qwen3-8B,emoji,100,1,0.9866666666666667,0,,,,
all,Qwen3-8B,emoji,200,0,0.99,0,,,,
all,Qwen3-8B,emoji,200,1,0.98,0,,,,
all,Qwen3-8B,emoji_list,5,0,0.9466666666666667,0,,,,
all,Qwen3-8B,emoji_list,5,1,0.9766666666666667,0,,,,
all,Qwen3-8B,emoji_list,10,0,0.95,0,,,,
all,Qwen3-8B,emoji_list,10,1,0.9633333333333334,0,,,,
all,Qwen3-8B,emoji_list,25,0,0.9533333333333334,0,,,,
all,Qwen3-8B,emoji_list,25,1,0.9333333333333333,0,,,,
all,Qwen3-8B,emoji_list,50,0,0.98,0,,,,
all,Qwen3-8B,emoji_list,50,1,0.9866666666666667,0,,,,
all,Qwen3-8B,emoji_list,100,0,0.9633333333333334,0,,,,
all,Qwen3-8B,emoji_list,100,1,0.96,0,,,,
all,Qwen3-8B,emoji_list,200,0,0.98,0,,,,
all,Qwen3-8B,emoji_list,200,1,0.97,0,,,,
all,Qwen3-8B,replace,5,0,0.7433333333333333,0,,,,
all,Qwen3-8B,replace,5,1,0.7766666666666666,0,,,,
all,Qwen3-8B,replace,10,0,0.75,0,,,,
all,Qwen3-8B,replace,10,1,0.76,0,,,,
all,Qwen3-8B,replace,25,0,0.7733333333333333,0,,,,
all,Qwen3-8B,replace,25,1,0.7666666666666667,0,,,,
all,Qwen3-8B,replace,50,0,0.7566666666666667,0,,,,
all,Qwen3-8B,replace,50,1,0.7566666666666667,0,,,,
all,Qwen3-8B,replace,100,0,0.7433333333333333,0,,,,
all,Qwen3-8B,replace,100,1,0.75,0,,,,
all,Qwen3-8B,replace,200,0,0.7466666666666667,0,,,,
all,Qwen3-8B,replace,200,1,0.74,0,,,,
all,Qwen3-8B,delete,5,0,0.8266666666666667,0,,,,
all,Qwen3-8B,delete,5,1,0.8033333333333333,0,,,,
all,Qwen3-8B,delete,10,0,0.8333333333333334,0,,,,
all,Qwen3-8B,delete,10,1,0.8133333333333334,0,,,,
all,Qwen3-8B,delete,25,0,0.8233333333333334,0,,,,
all,Qwen3-8B,delete,25,1,0.8266666666666667,0,,,,
all,Qwen3-8B,delete,50,0,0.8266666666666667,0,,,,
all,Qwen3-8B,delete,50,1,0.8266666666666667,0,,,,
all,Qwen3-8B,delete,100,0,0.8333333333333334,0,,,,
all,Qwen3-8B,delete,100,1,0.8166666666666667,0,,,,
all,Qwen3-8B,delete,200,0,0.7866666666666666,0,,,,
all,Qwen3-8B,delete,200,1,0.78,0,,,,
all,Qwen3-8B,insert_before,5,0,0.6066666666666667,0,,,,
all,Qwen3-8B,insert_before,5,1,0.67,0,,,,
all,Qwen3-8B,insert_before,10,0,0.59,0,,,,
all,Qwen3-8B,insert_before,10,1,0.68,0,,,,
all,Qwen3-8B,insert_before,25,0,0.6433333333333333,0,,,,
all,Qwen3-8B,insert_before,25,1,0.7033333333333334,0,,,,
all,Qwen3-8B,insert_before,50,0,0.69,0,,,,
all,Qwen3-8B,insert_before,50,1,0.7,0,,,,
all,Qwen3-8B,insert_before,100,0,0.71,0,,,,
all,Qwen3-8B,insert_before,100,1,0.6666666666666666,0,,,,
all,Qwen3-8B,insert_before,200,0,0.63,0,,,,
all,Qwen3-8B,insert_before,200,1,0.6866666666666666,0,,,,
all,Qwen3-8B,text2sql,5,0,0.9233333333333333,0,,,,
all,Qwen3-8B,text2sql,5,1,0.9366666666666666,0,,,,
all,Qwen3-8B,text2sql,10,0,0.9333333333333333,0,,,,
all,Qwen3-8B,text2sql,10,1,0.93,0,,,,
all,Qwen3-8B,text2sql,25,0,0.9,0,,,,
all,Qwen3-8B,text2sql,25,1,0.9166666666666666,0,,,,
all,Qwen3-8B,text2sql,50,0,0.86,0,,,,
all,Qwen3-8B,text2sql,50,1,0.8833333333333333,0,,,,
all,Qwen3-8B,text2sql,100,0,0.8633333333333333,0,,,,
all,Qwen3-8B,text2sql,100,1,0.8866666666666667,0,,,,
all,Qwen3-8B,text2sql,200,0,0.8266666666666667,0,,,,
all,Qwen3-8B,text2sql,200,1,0.8433333333333334,0,,,,
all,Qwen3-8B,docstring,5,0,0.9333333333333333,0,,,,
all,Qwen3-8B,docstring,5,1,0.9166666666666666,0,,,,
all,Qwen3-8B,docstring,10,0,0.8933333333333333,0,,,,
all,Qwen3-8B,docstring,10,1,0.9333333333333333,0,,,,
all,Qwen3-8B,docstring,25,0,0.9166666666666666,0,,,,
all,Qwen3-8B,docstring,25,1,0.9166666666666666,0,,,,
all,Qwen3-8B,docstring,50,0,0.9433333333333334,0,,,,
all,Qwen3-8B,docstring,50,1,0.9166666666666666,0,,,,
all,Qwen3-8B,docstring,100,0,0.9233333333333333,0,,,,
all,Qwen3-8B,docstring,100,1,0.9633333333333334,0,,,,
all,Qwen3-8B,docstring,200,0,0.9233333333333333,0,,,,
all,Qwen3-8B,docstring,200,1,0.9333333333333333,0,,,,
all,Qwen3-8B,pii,5,0,0.7033333333333334,0,,,,
all,Qwen3-8B,pii,5,1,0.6333333333333333,0,,,,
all,Qwen3-8B,pii,10,0,0.6566666666666666,0,,,,
all,Qwen3-8B,pii,10,1,0.7033333333333334,0,,,,
all,Qwen3-8B,pii,25,0,0.75,0,,,,
all,Qwen3-8B,pii,25,1,0.78,0,,,,
all,Qwen3-8B,pii,50,0,0.7166666666666667,0,,,,
all,Qwen3-8B,pii,50,1,0.8233333333333334,0,,,,
all,Qwen3-8B,pii,100,0,0.7966666666666666,0,,,,
all,Qwen3-8B,pii,100,1,0.8333333333333334,0,,,,
all,Qwen3-8B,pii,200,0,0.7833333333333333,0,,,,
all,Qwen3-8B,pii,200,1,0.82,0,,,,
all,Qwen3-14B,acebench_hard,5,0,0.8633333333333333,0,,,,
all,Qwen3-14B,acebench_hard,5,1,0.8133333333333334,0,,,,
all,Qwen3-14B,acebench_hard,10,0,0.8666666666666667,0,,,,
all,Qwen3-14B,acebench_hard,10,1,0.88,0,,,,
all,Qwen3-14B,acebench_hard,25,0,0.8833333333333333,0,,,,
all,Qwen3-14B,acebench_hard,25,1,0.9033333333333333,0,,,,
all,Qwen3-14B,acebench_hard,50,0,0.8866666666666667,0,,,,
all,Qwen3-14B,acebench_hard,50,1,0.88,0,,,,
all,Qwen3-14B,acebench_hard,100,0,0.8533333333333334,0,,,,
all,Qwen3-14B,acebench_hard,100,1,0.8533333333333334,0,,,,
all,Qwen3-14B,acebench_hard,200,0,,300,,,,
all,Qwen3-14B,acebench_hard,200,1,,300,,,,
all,Qwen3-14B,acebench_medium,5,0,0.9833333333333333,0,,,,
all,Qwen3-14B,acebench_medium,5,1,0.9966666666666667,0,,,,
all,Qwen3-14B,acebench_medium,10,0,0.99,0,,,,
all,Qwen3-14B,acebench_medium,10,1,1.0,0,,,,
all,Qwen3-14B,acebench_medium,25,0,0.99,0,,,,
all,Qwen3-14B,acebench_medium,25,1,0.9933333333333333,0,,,,
all,Qwen3-14B,acebench_medium,50,0,1.0,0,,,,
all,Qwen3-14B,acebench_medium,50,1,0.9966666666666667,0,,,,
all,Qwen3-14B,acebench_medium,100,0,0.9933333333333333,0,,,,
all,Qwen3-14B,acebench_medium,100,1,1.0,0,,,,
all,Qwen3-14B,acebench_medium,200,0,0.5633333333333334,0,,,,
all,Qwen3-14B,acebench_medium,200,1,0.8066666666666666,0,,,,
all,Qwen3-14B,smart_home,5,0,0.9233333333333333,0,,,,
all,Qwen3-14B,smart_home,5,1,0.9466666666666667,0,,,,
all,Qwen3-14B,smart_home,10,0,0.93,0,,,,
all,Qwen3-14B,smart_home,10,1,0.9433333333333334,0,,,,
all,Qwen3-14B,smart_home,25,0,0.94,0,,,,
all,Qwen3-14B,smart_home,25,1,0.95,0,,,,
all,Qwen3-14B,smart_home,50,0,0.94,0,,,,
all,Qwen3-14B,smart_home,50,1,0.95,0,,,,
all,Qwen3-14B,smart_home,100,0,0.9533333333333334,0,,,,
all,Qwen3-14B,smart_home,100,1,0.9466666666666667,0,,,,
all,Qwen3-14B,smart_home,200,0,0.9566666666666667,0,,,,
all,Qwen3-14B,smart_home,200,1,0.9566666666666667,0,,,,
all,Qwen3-14B,git_assistant,5,0,0.9466666666666667,0,,,,
all,Qwen3-14B,git_assistant,5,1,0.9166666666666666,0,,,,
all,Qwen3-14B,git_assistant,10,0,0.9433333333333334,0,,,,
all,Qwen3-14B,git_assistant,10,1,0.9366666666666666,0,,,,
all,Qwen3-14B,git_assistant,25,0,0.9466666666666667,0,,,,
all,Qwen3-14B,git_assistant,25,1,0.9333333333333333,0,,,,
all,Qwen3-14B,git_assistant,50,0,0.9533333333333334,0,,,,
all,Qwen3-14B,git_assistant,50,1,0.9433333333333334,0,,,,
all,Qwen3-14B,git_assistant,100,0,0.9333333333333333,0,,,,
all,Qwen3-14B,git_assistant,100,1,0.9433333333333334,0,,,,
all,Qwen3-14B,git_assistant,200,0,0.9466666666666667,0,,,,
all,Qwen3-14B,git_assistant,200,1,0.95,0,,,,
all,Qwen3-14B,trec,5,0,0.77,0,,,,
all,Qwen3-14B,trec,5,1,0.73,0,,,,
all,Qwen3-14B,trec,10,0,0.7866666666666666,0,,,,
all,Qwen3-14B,trec,10,1,0.7966666666666666,0,,,,
all,Qwen3-14B,trec,25,0,0.8066666666666666,0,,,,
all,Qwen3-14B,trec,25,1,0.77,0,,,,
all,Qwen3-14B,trec,50,0,0.8166666666666667,0,,,,
all,Qwen3-14B,trec,50,1,0.7866666666666666,0,,,,
all,Qwen3-14B,trec,100,0,0.8233333333333334,0,,,,
all,Qwen3-14B,trec,100,1,0.7766666666666666,0,,,,
all,Qwen3-14B,trec,200,0,0.82,0,,,,
all,Qwen3-14B,trec,200,1,0.8066666666666666,0,,,,
all,Qwen3-14B,ecommerce,5,0,0.8966666666666666,0,,,,
all,Qwen3-14B,ecommerce,5,1,0.9066666666666666,0,,,,
all,Qwen3-14B,ecommerce,10,0,0.9033333333333333,0,,,,
all,Qwen3-14B,ecommerce,10,1,0.88,0,,,,
all,Qwen3-14B,ecommerce,25,0,0.9166666666666666,0,,,,
all,Qwen3-14B,ecommerce,25,1,0.8933333333333333,0,,,,
all,Qwen3-14B,ecommerce,50,0,0.8933333333333333,0,,,,
all,Qwen3-14B,ecommerce,50,1,0.89,0,,,,
all,Qwen3-14B,ecommerce,100,0,0.9233333333333333,0,,,,
all,Qwen3-14B,ecommerce,100,1,0.9033333333333333,0,,,,
all,Qwen3-14B,ecommerce,200,0,0.9066666666666666,0,,,,
all,Qwen3-14B,ecommerce,200,1,0.8866666666666667,0,,,,
all,Qwen3-14B,injury,5,0,0.75,0,,,,
all,Qwen3-14B,injury,5,1,0.7,0,,,,
all,Qwen3-14B,injury,10,0,0.7366666666666667,0,,,,
all,Qwen3-14B,injury,10,1,0.72,0,,,,
all,Qwen3-14B,injury,25,0,0.7633333333333333,0,,,,
all,Qwen3-14B,injury,25,1,0.7833333333333333,0,,,,
all,Qwen3-14B,injury,50,0,0.7666666666666667,0,,,,
all,Qwen3-14B,injury,50,1,0.7966666666666666,0,,,,
all,Qwen3-14B,injury,100,0,0.75,0,,,,
all,Qwen3-14B,injury,100,1,0.8166666666666667,0,,,,
all,Qwen3-14B,injury,200,0,0.74,0,,,,
all,Qwen3-14B,injury,200,1,0.7933333333333333,0,,,,
all,Qwen3-14B,currency,5,0,1.0,0,,,,
all,Qwen3-14B,currency,5,1,1.0,0,,,,
all,Qwen3-14B,currency,10,0,1.0,0,,,,
all,Qwen3-14B,currency,10,1,1.0,0,,,,
all,Qwen3-14B,currency,25,0,1.0,0,,,,
all,Qwen3-14B,currency,25,1,1.0,0,,,,
all,Qwen3-14B,currency,50,0,1.0,0,,,,
all,Qwen3-14B,currency,50,1,1.0,0,,,,
all,Qwen3-14B,currency,100,0,0.9933333333333333,0,,,,
all,Qwen3-14B,currency,100,1,0.9966666666666667,0,,,,
all,Qwen3-14B,currency,200,0,1.0,0,,,,
all,Qwen3-14B,currency,200,1,0.9966666666666667,0,,,,
all,Qwen3-14B,dates,5,0,0.9533333333333334,0,,,,
all,Qwen3-14B,dates,5,1,0.9666666666666667,0,,,,
all,Qwen3-14B,dates,10,0,0.98,0,,,,
all,Qwen3-14B,dates,10,1,0.9966666666666667,0,,,,
all,Qwen3-14B,dates,25,0,1.0,0,,,,
all,Qwen3-14B,dates,25,1,1.0,0,,,,
all,Qwen3-14B,dates,50,0,1.0,0,,,,
all,Qwen3-14B,dates,50,1,1.0,0,,,,
all,Qwen3-14B,dates,100,0,1.0,0,,,,
all,Qwen3-14B,dates,100,1,1.0,0,,,,
all,Qwen3-14B,dates,200,0,1.0,0,,,,
all,Qwen3-14B,dates,200,1,1.0,0,,,,
all,Qwen3-14B,emoji,5,0,0.9866666666666667,0,,,,
all,Qwen3-14B,emoji,5,1,0.9866666666666667,0,,,,
all,Qwen3-14B,emoji,10,0,0.9833333333333333,0,,,,
all,Qwen3-14B,emoji,10,1,0.9933333333333333,0,,,,
all,Qwen3-14B,emoji,25,0,0.9866666666666667,0,,,,
all,Qwen3-14B,emoji,25,1,0.9933333333333333,0,,,,
all,Qwen3-14B,emoji,50,0,0.98,0,,,,
all,Qwen3-14B,emoji,50,1,0.99,0,,,,
all,Qwen3-14B,emoji,100,0,0.98,0,,,,
all,Qwen3-14B,emoji,100,1,0.97,0,,,,
all,Qwen3-14B,emoji,200,0,0.9866666666666667,0,,,,
all,Qwen3-14B,emoji,200,1,0.9733333333333334,0,,,,
all,Qwen3-14B,emoji_list,5,0,0.9933333333333333,0,,,,
all,Qwen3-14B,emoji_list,5,1,0.9966666666666667,0,,,,
all,Qwen3-14B,emoji_list,10,0,1.0,0,,,,
all,Qwen3-14B,emoji_list,10,1,1.0,0,,,,
all,Qwen3-14B,emoji_list,25,0,0.9966666666666667,0,,,,
all,Qwen3-14B,emoji_list,25,1,0.9966666666666667,0,,,,
all,Qwen3-14B,emoji_list,50,0,0.9966666666666667,0,,,,
all,Qwen3-14B,emoji_list,50,1,0.9966666666666667,0,,,,
all,Qwen3-14B,emoji_list,100,0,0.98,0,,,,
all,Qwen3-14B,emoji_list,100,1,0.9966666666666667,0,,,,
all,Qwen3-14B,emoji_list,200,0,0.9866666666666667,0,,,,
all,Qwen3-14B,emoji_list,200,1,0.9833333333333333,0,,,,
all,Qwen3-14B,replace,5,0,0.8033333333333333,0,,,,
all,Qwen3-14B,replace,5,1,0.8066666666666666,0,,,,
all,Qwen3-14B,replace,10,0,0.81,0,,,,
all,Qwen3-14B,replace,10,1,0.7866666666666666,0,,,,
all,Qwen3-14B,replace,25,0,0.79,0,,,,
all,Qwen3-14B,replace,25,1,0.7933333333333333,0,,,,
all,Qwen3-14B,replace,50,0,0.7733333333333333,0,,,,
all,Qwen3-14B,replace,50,1,0.7733333333333333,0,,,,
all,Qwen3-14B,replace,100,0,0.81,0,,,,
all,Qwen3-14B,replace,100,1,0.7766666666666666,0,,,,
all,Qwen3-14B,replace,200,0,0.7633333333333333,0,,,,
all,Qwen3-14B,replace,200,1,0.7733333333333333,0,,,,
all,Qwen3-14B,delete,5,0,0.8666666666666667,0,,,,
all,Qwen3-14B,delete,5,1,0.8633333333333333,0,,,,
all,Qwen3-14B,delete,10,0,0.89,0,,,,
all,Qwen3-14B,delete,10,1,0.8833333333333333,0,,,,
all,Qwen3-14B,delete,25,0,0.8833333333333333,0,,,,
all,Qwen3-14B,delete,25,1,0.8933333333333333,0,,,,
all,Qwen3-14B,delete,50,0,0.8933333333333333,0,,,,
all,Qwen3-14B,delete,50,1,0.89,0,,,,
all,Qwen3-14B,delete,100,0,0.8933333333333333,0,,,,
all,Qwen3-14B,delete,100,1,0.8833333333333333,0,,,,
all,Qwen3-14B,delete,200,0,0.88,0,,,,
all,Qwen3-14B,delete,200,1,0.8766666666666667,0,,,,
all,Qwen3-14B,insert_before,5,0,0.7366666666666667,0,,,,
all,Qwen3-14B,insert_before,5,1,0.7333333333333333,0,,,,
all,Qwen3-14B,insert_before,10,0,0.7666666666666667,0,,,,
all,Qwen3-14B,insert_before,10,1,0.7466666666666667,0,,,,
all,Qwen3-14B,insert_before,25,0,0.7366666666666667,0,,,,
all,Qwen3-14B,insert_before,25,1,0.7566666666666667,0,,,,
all,Qwen3-14B,insert_before,50,0,0.7633333333333333,0,,,,
all,Qwen3-14B,insert_before,50,1,0.7866666666666666,0,,,,
all,Qwen3-14B,insert_before,100,0,0.7633333333333333,0,,,,
all,Qwen3-14B,insert_before,100,1,0.75,0,,,,
all,Qwen3-14B,insert_before,200,0,0.7533333333333333,0,,,,
all,Qwen3-14B,insert_before,200,1,0.7633333333333333,0,,,,
all,Qwen3-14B,text2sql,5,0,0.92,0,,,,
all,Qwen3-14B,text2sql,5,1,0.9033333333333333,0,,,,
all,Qwen3-14B,text2sql,10,0,0.8933333333333333,0,,,,
all,Qwen3-14B,text2sql,10,1,0.9,0,,,,
all,Qwen3-14B,text2sql,25,0,0.8866666666666667,0,,,,
all,Qwen3-14B,text2sql,25,1,0.9133333333333333,0,,,,
all,Qwen3-14B,text2sql,50,0,0.8966666666666666,0,,,,
all,Qwen3-14B,text2sql,50,1,0.9033333333333333,0,,,,
all,Qwen3-14B,text2sql,100,0,0.9133333333333333,0,,,,
all,Qwen3-14B,text2sql,100,1,0.91,0,,,,
all,Qwen3-14B,text2sql,200,0,0.9133333333333333,0,,,,
all,Qwen3-14B,text2sql,200,1,0.93,0,,,,
all,Qwen3-14B,docstring,5,0,0.9333333333333333,0,,,,
all,Qwen3-14B,docstring,5,1,0.8933333333333333,0,,,,
all,Qwen3-14B,docstring,10,0,0.87,0,,,,
all,Qwen3-14B,docstring,10,1,0.8666666666666667,0,,,,
all,Qwen3-14B,docstring,25,0,0.9,0,,,,
all,Qwen3-14B,docstring,25,1,0.8966666666666666,0,,,,
all,Qwen3-14B,docstring,50,0,0.9,0,,,,
all,Qwen3-14B,docstring,50,1,0.9066666666666666,0,,,,
all,Qwen3-14B,docstring,100,0,0.9033333333333333,0,,,,
all,Qwen3-14B,docstring,100,1,0.92,0,,,,
all,Qwen3-14B,docstring,200,0,0.9066666666666666,0,,,,
all,Qwen3-14B,docstring,200,1,0.8933333333333333,0,,,,
all,Qwen3-14B,pii,5,0,0.7133333333333334,0,,,,
all,Qwen3-14B,pii,5,1,0.7033333333333334,0,,,,
all,Qwen3-14B,pii,10,0,0.64,0,,,,
all,Qwen3-14B,pii,10,1,0.61,0,,,,
all,Qwen3-14B,pii,25,0,0.7233333333333334,0,,,,
all,Qwen3-14B,pii,25,1,0.6933333333333334,0,,,,
all,Qwen3-14B,pii,50,0,0.8066666666666666,0,,,,
all,Qwen3-14B,pii,50,1,0.7433333333333333,0,,,,
all,Qwen3-14B,pii,100,0,0.8433333333333334,0,,,,
all,Qwen3-14B,pii,100,1,0.8533333333333334,0,,,,
all,Qwen3-14B,pii,200,0,0.8266666666666667,0,,,,
all,Qwen3-14B,pii,200,1,0.8566666666666667,0,,,,
rag,Qwen3-0.6B,acebench_hard,5,0,,300,,,,
rag,Qwen3-0.6B,acebench_hard,5,1,,300,,,,
rag,Qwen3-0.6B,acebench_hard,10,0,0.5233333333333333,0,,,,
rag,Qwen3-0.6B,acebench_hard,10,1,0.4,0,,,,
rag,Qwen3-0.6B,acebench_hard,25,0,0.4633333333333333,0,,,,
rag,Qwen3-0.6B,acebench_hard,25,1,0.38333333333333336,0,,,,
rag,Qwen3-0.6B,acebench_hard,50,0,0.4266666666666667,0,,,,
rag,Qwen3-0.6B,acebench_hard,50,1,0.42,0,,,,
rag,Qwen3-0.6B,acebench_hard,100,0,0.4066666666666667,0,,,,
rag,Qwen3-0.6B,acebench_hard,100,1,0.43666666666666665,0,,,,
rag,Qwen3-0.6B,acebench_hard,200,0,0.4,0,,,,
rag,Qwen3-0.6B,acebench_hard,200,1,0.44,0,,,,
rag,Qwen3-0.6B,acebench_medium,5,0,0.8433333333333334,0,,,,
rag,Qwen3-0.6B,acebench_medium,5,1,0.79,0,,,,
rag,Qwen3-0.6B,acebench_medium,10,0,0.8033333333333333,0,,,,
rag,Qwen3-0.6B,acebench_medium,10,1,0.8266666666666667,0,,,,
rag,Qwen3-0.6B,acebench_medium,25,0,0.8433333333333334,0,,,,
rag,Qwen3-0.6B,acebench_medium,25,1,0.7866666666666666,0,,,,
rag,Qwen3-0.6B,acebench_medium,50,0,0.8166666666666667,0,,,,
rag,Qwen3-0.6B,acebench_medium,50,1,0.7933333333333333,0,,,,
rag,Qwen3-0.6B,acebench_medium,100,0,0.78,0,,,,
rag,Qwen3-0.6B,acebench_medium,100,1,0.76,0,,,,
rag,Qwen3-0.6B,acebench_medium,200,0,0.8,0,,,,
rag,Qwen3-0.6B,acebench_medium,200,1,0.7433333333333333,0,,,,
rag,Qwen3-0.6B,smart_home,5,0,0.82,0,,,,
rag,Qwen3-0.6B,smart_home,5,1,0.9,0,,,,
rag,Qwen3-0.6B,smart_home,10,0,0.84,0,,,,
rag,Qwen3-0.6B,smart_home,10,1,0.86,0,,,,
rag,Qwen3-0.6B,smart_home,25,0,0.85,0,,,,
rag,Qwen3-0.6B,smart_home,25,1,0.8566666666666667,0,,,,
rag,Qwen3-0.6B,smart_home,50,0,0.87,0,,,,
rag,Qwen3-0.6B,smart_home,50,1,0.84,0,,,,
rag,Qwen3-0.6B,smart_home,100,0,0.8833333333333333,0,,,,
rag,Qwen3-0.6B,smart_home,100,1,0.8833333333333333,0,,,,
rag,Qwen3-0.6B,smart_home,200,0,0.9033333333333333,0,,,,
rag,Qwen3-0.6B,smart_home,200,1,0.9,0,,,,
rag,Qwen3-0.6B,git_assistant,5,0,0.5733333333333334,0,,,,
rag,Qwen3-0.6B,git_assistant,5,1,0.47,0,,,,
rag,Qwen3-0.6B,git_assistant,10,0,0.63,0,,,,
rag,Qwen3-0.6B,git_assistant,10,1,0.5166666666666667,0,,,,
rag,Qwen3-0.6B,git_assistant,25,0,0.62,0,,,,
rag,Qwen3-0.6B,git_assistant,25,1,0.6033333333333334,0,,,,
rag,Qwen3-0.6B,git_assistant,50,0,0.6466666666666666,0,,,,
rag,Qwen3-0.6B,git_assistant,50,1,0.67,0,,,,
rag,Qwen3-0.6B,git_assistant,100,0,0.6833333333333333,0,,,,
rag,Qwen3-0.6B,git_assistant,100,1,0.67,0,,,,
rag,Qwen3-0.6B,git_assistant,200,0,0.7333333333333333,0,,,,
rag,Qwen3-0.6B,git_assistant,200,1,0.6933333333333334,0,,,,
rag,Qwen3-0.6B,trec,5,0,0.38,0,,,,
rag,Qwen3-0.6B,trec,5,1,0.3333333333333333,0,,,,
rag,Qwen3-0.6B,trec,10,0,0.35,0,,,,
rag,Qwen3-0.6B,trec,10,1,0.3433333333333333,0,,,,
rag,Qwen3-0.6B,trec,25,0,0.4066666666666667,0,,,,
rag,Qwen3-0.6B,trec,25,1,0.31666666666666665,0,,,,
rag,Qwen3-0.6B,trec,50,0,0.41333333333333333,0,,,,
rag,Qwen3-0.6B,trec,50,1,0.4,0,,,,
rag,Qwen3-0.6B,trec,100,0,0.44666666666666666,0,,,,
rag,Qwen3-0.6B,trec,100,1,0.38333333333333336,0,,,,
rag,Qwen3-0.6B,trec,200,0,0.4866666666666667,0,,,,
rag,Qwen3-0.6B,trec,200,1,0.43666666666666665,0,,,,
rag,Qwen3-0.6B,ecommerce,5,0,0.3333333333333333,0,,,,
rag,Qwen3-0.6B,ecommerce,5,1,0.24,0,,,,
rag,Qwen3-0.6B,ecommerce,10,0,0.3433333333333333,0,,,,
rag,Qwen3-0.6B,ecommerce,10,1,0.26666666666666666,0,,,,
rag,Qwen3-0.6B,ecommerce,25,0,0.43666666666666665,0,,,,
rag,Qwen3-0.6B,ecommerce,25,1,0.46,0,,,,
rag,Qwen3-0.6B,ecommerce,50,0,0.5966666666666667,0,,,,
rag,Qwen3-0.6B,ecommerce,50,1,0.5066666666666667,0,,,,
rag,Qwen3-0.6B,ecommerce,100,0,0.65,0,,,,
rag,Qwen3-0.6B,ecommerce,100,1,0.6333333333333333,0,,,,
rag,Qwen3-0.6B,ecommerce,200,0,0.7366666666666667,0,,,,
rag,Qwen3-0.6B,ecommerce,200,1,0.6633333333333333,0,,,,
rag,Qwen3-0.6B,injury,5,0,0.19333333333333333,0,,,,
rag,Qwen3-0.6B,injury,5,1,0.17666666666666667,0,,,,
rag,Qwen3-0.6B,injury,10,0,0.22666666666666666,0,,,,
rag,Qwen3-0.6B,injury,10,1,0.17333333333333334,0,,,,
rag,Qwen3-0.6B,injury,25,0,0.22333333333333333,0,,,,
rag,Qwen3-0.6B,injury,25,1,0.21333333333333335,0,,,,
rag,Qwen3-0.6B,injury,50,0,0.27,0,,,,
rag,Qwen3-0.6B,injury,50,1,0.27666666666666667,0,,,,
rag,Qwen3-0.6B,injury,100,0,0.31666666666666665,0,,,,
rag,Qwen3-0.6B,injury,100,1,0.3333333333333333,0,,,,
rag,Qwen3-0.6B,injury,200,0,0.42333333333333334,0,,,,
rag,Qwen3-0.6B,injury,200,1,0.4066666666666667,0,,,,
rag,Qwen3-0.6B,currency,5,0,0.8166666666666667,0,,,,
rag,Qwen3-0.6B,currency,5,1,0.6533333333333333,0,,,,
rag,Qwen3-0.6B,currency,10,0,0.7533333333333333,0,,,,
rag,Qwen3-0.6B,currency,10,1,0.8266666666666667,0,,,,
rag,Qwen3-0.6B,currency,25,0,0.8166666666666667,0,,,,
rag,Qwen3-0.6B,currency,25,1,0.8133333333333334,0,,,,
rag,Qwen3-0.6B,currency,50,0,0.8066666666666666,0,,,,
rag,Qwen3-0.6B,currency,50,1,0.7766666666666666,0,,,,
rag,Qwen3-0.6B,currency,100,0,0.7466666666666667,0,,,,
rag,Qwen3-0.6B,currency,100,1,0.8633333333333333,0,,,,
rag,Qwen3-0.6B,currency,200,0,0.7633333333333333,0,,,,
rag,Qwen3-0.6B,currency,200,1,0.7466666666666667,0,,,,
rag,Qwen3-0.6B,dates,5,0,0.49,0,,,,
rag,Qwen3-0.6B,dates,5,1,0.6533333333333333,0,,,,
rag,Qwen3-0.6B,dates,10,0,0.55,0,,,,
rag,Qwen3-0.6B,dates,10,1,0.6533333333333333,0,,,,
rag,Qwen3-0.6B,dates,25,0,0.5333333333333333,0,,,,
rag,Qwen3-0.6B,dates,25,1,0.5866666666666667,0,,,,
rag,Qwen3-0.6B,dates,50,0,0.5266666666666666,0,,,,
rag,Qwen3-0.6B,dates,50,1,0.6,0,,,,
rag,Qwen3-0.6B,dates,100,0,0.5166666666666667,0,,,,
rag,Qwen3-0.6B,dates,100,1,0.5133333333333333,0,,,,
rag,Qwen3-0.6B,dates,200,0,0.5033333333333333,0,,,,
rag,Qwen3-0.6B,dates,200,1,0.5433333333333333,0,,,,
rag,Qwen3-0.6B,emoji,5,0,0.9166666666666666,0,,,,
rag,Qwen3-0.6B,emoji,5,1,0.8533333333333334,0,,,,
rag,Qwen3-0.6B,emoji,10,0,0.95,0,,,,
rag,Qwen3-0.6B,emoji,10,1,0.8466666666666667,0,,,,
rag,Qwen3-0.6B,emoji,25,0,0.9166666666666666,0,,,,
rag,Qwen3-0.6B,emoji,25,1,0.9433333333333334,0,,,,
rag,Qwen3-0.6B,emoji,50,0,0.94,0,,,,
rag,Qwen3-0.6B,emoji,50,1,0.8866666666666667,0,,,,
rag,Qwen3-0.6B,emoji,100,0,0.9066666666666666,0,,,,
rag,Qwen3-0.6B,emoji,100,1,0.8933333333333333,0,,,,
rag,Qwen3-0.6B,emoji,200,0,0.9166666666666666,0,,,,
rag,Qwen3-0.6B,emoji,200,1,0.8866666666666667,0,,,,
rag,Qwen3-0.6B,emoji_list,5,0,0.6633333333333333,0,,,,
rag,Qwen3-0.6B,emoji_list,5,1,0.45,0,,,,
rag,Qwen3-0.6B,emoji_list,10,0,0.63,0,,,,
rag,Qwen3-0.6B,emoji_list,10,1,0.5366666666666666,0,,,,
rag,Qwen3-0.6B,emoji_list,25,0,0.5933333333333334,0,,,,
rag,Qwen3-0.6B,emoji_list,25,1,0.7333333333333333,0,,,,
rag,Qwen3-0.6B,emoji_list,50,0,0.6533333333333333,0,,,,
rag,Qwen3-0.6B,emoji_list,50,1,0.65,0,,,,
rag,Qwen3-0.6B,emoji_list,100,0,0.66,0,,,,
rag,Qwen3-0.6B,emoji_list,100,1,0.68,0,,,,
rag,Qwen3-0.6B,emoji_list,200,0,0.68,0,,,,
rag,Qwen3-0.6B,emoji_list,200,1,0.6966666666666667,0,,,,
rag,Qwen3-0.6B,replace,5,0,0.36666666666666664,0,,,,
rag,Qwen3-0.6B,replace,5,1,0.4,0,,,,
rag,Qwen3-0.6B,replace,10,0,0.33666666666666667,0,,,,
rag,Qwen3-0.6B,replace,10,1,0.36,0,,,,
rag,Qwen3-0.6B,replace,25,0,0.34,0,,,,
rag,Qwen3-0.6B,replace,25,1,0.38,0,,,,
rag,Qwen3-0.6B,replace,50,0,0.38,0,,,,
rag,Qwen3-0.6B,replace,50,1,0.38666666666666666,0,,,,
rag,Qwen3-0.6B,replace,100,0,0.39,0,,,,
rag,Qwen3-0.6B,replace,100,1,0.37666666666666665,0,,,,
rag,Qwen3-0.6B,replace,200,0,0.38333333333333336,0,,,,
rag,Qwen3-0.6B,replace,200,1,0.3933333333333333,0,,,,
rag,Qwen3-0.6B,delete,5,0,0.016666666666666666,0,,,,
rag,Qwen3-0.6B,delete,5,1,0.013333333333333334,0,,,,
rag,Qwen3-0.6B,delete,10,0,0.02,0,,,,
rag,Qwen3-0.6B,delete,10,1,0.02,0,,,,
rag,Qwen3-0.6B,delete,25,0,0.02666666666666667,0,,,,
rag,Qwen3-0.6B,delete,25,1,0.03666666666666667,0,,,,
rag,Qwen3-0.6B,delete,50,0,0.02666666666666667,0,,,,
rag,Qwen3-0.6B,delete,50,1,0.04,0,,,,
rag,Qwen3-0.6B,delete,100,0,0.023333333333333334,0,,,,
rag,Qwen3-0.6B,delete,100,1,0.03,0,,,,
rag,Qwen3-0.6B,delete,200,0,0.023333333333333334,0,,,,
rag,Qwen3-0.6B,delete,200,1,0.02666666666666667,0,,,,
rag,Qwen3-0.6B,insert_before,5,0,0.12,0,,,,
rag,Qwen3-0.6B,insert_before,5,1,0.11,0,,,,
rag,Qwen3-0.6B,insert_before,10,0,0.1,0,,,,
rag,Qwen3-0.6B,insert_before,10,1,0.09333333333333334,0,,,,
rag,Qwen3-0.6B,insert_before,25,0,0.11666666666666667,0,,,,
rag,Qwen3-0.6B,insert_before,25,1,0.09333333333333334,0,,,,
rag,Qwen3-0.6B,insert_before,50,0,0.12,0,,,,
rag,Qwen3-0.6B,insert_before,50,1,0.10666666666666667,0,,,,
rag,Qwen3-0.6B,insert_before,100,0,0.12333333333333334,0,,,,
rag,Qwen3-0.6B,insert_before,100,1,0.11666666666666667,0,,,,
rag,Qwen3-0.6B,insert_before,200,0,0.09,0,,,,
rag,Qwen3-0.6B,insert_before,200,1,0.12333333333333334,0,,,,
rag,Qwen3-0.6B,text2sql,5,0,0.6,0,,,,
rag,Qwen3-0.6B,text2sql,5,1,0.5566666666666666,0,,,,
rag,Qwen3-0.6B,text2sql,10,0,0.55,0,,,,
rag,Qwen3-0.6B,text2sql,10,1,0.5633333333333334,0,,,,
rag,Qwen3-0.6B,text2sql,25,0,0.5966666666666667,0,,,,
rag,Qwen3-0.6B,text2sql,25,1,0.5766666666666667,0,,,,
rag,Qwen3-0.6B,text2sql,50,0,0.5833333333333334,0,,,,
rag,Qwen3-0.6B,text2sql,50,1,0.62,0,,,,
rag,Qwen3-0.6B,text2sql,100,0,0.5833333333333334,0,,,,
rag,Qwen3-0.6B,text2sql,100,1,0.58,0,,,,
rag,Qwen3-0.6B,text2sql,200,0,0.6133333333333333,0,,,,
rag,Qwen3-0.6B,text2sql,200,1,0.6133333333333333,0,,,,
rag,Qwen3-0.6B,docstring,5,0,0.42,0,,,,
rag,Qwen3-0.6B,docstring,5,1,0.44333333333333336,0,,,,
rag,Qwen3-0.6B,docstring,10,0,0.43333333333333335,0,,,,
rag,Qwen3-0.6B,docstring,10,1,0.3233333333333333,0,,,,
rag,Qwen3-0.6B,docstring,25,0,0.39,0,,,,
rag,Qwen3-0.6B,docstring,25,1,0.36,0,,,,
rag,Qwen3-0.6B,docstring,50,0,0.3566666666666667,0,,,,
rag,Qwen3-0.6B,docstring,50,1,0.4166666666666667,0,,,,
rag,Qwen3-0.6B,docstring,100,0,0.37666666666666665,0,,,,
rag,Qwen3-0.6B,docstring,100,1,0.35,0,,,,
rag,Qwen3-0.6B,docstring,200,0,0.36333333333333334,0,,,,
rag,Qwen3-0.6B,docstring,200,1,0.32,0,,,,
rag,Qwen3-0.6B,pii,5,0,0.14333333333333334,0,,,,
rag,Qwen3-0.6B,pii,5,1,0.05333333333333334,0,,,,
rag,Qwen3-0.6B,pii,10,0,0.23666666666666666,0,,,,
rag,Qwen3-0.6B,pii,10,1,0.16666666666666666,0,,,,
rag,Qwen3-0.6B,pii,25,0,0.26,0,,,,
rag,Qwen3-0.6B,pii,25,1,0.26,0,,,,
rag,Qwen3-0.6B,pii,50,0,0.25666666666666665,0,,,,
rag,Qwen3-0.6B,pii,50,1,0.26666666666666666,0,,,,
rag,Qwen3-0.6B,pii,100,0,0.31333333333333335,0,,,,
rag,Qwen3-0.6B,pii,100,1,0.31,0,,,,
rag,Qwen3-0.6B,pii,200,0,0.31666666666666665,0,,,,
rag,Qwen3-0.6B,pii,200,1,0.32,0,,,,
rag,Qwen3-1.7B,acebench_hard,5,0,0.6133333333333333,0,,,,
rag,Qwen3-1.7B,acebench_hard,5,1,0.5833333333333334,0,,,,
rag,Qwen3-1.7B,acebench_hard,10,0,0.6666666666666666,0,,,,
rag,Qwen3-1.7B,acebench_hard,10,1,0.63,0,,,,
rag,Qwen3-1.7B,acebench_hard,25,0,0.67,0,,,,
rag,Qwen3-1.7B,acebench_hard,25,1,0.6566666666666666,0,,,,
rag,Qwen3-1.7B,acebench_hard,50,0,0.6666666666666666,0,,,,
rag,Qwen3-1.7B,acebench_hard,50,1,0.6533333333333333,0,,,,
rag,Qwen3-1.7B,acebench_hard,100,0,0.6666666666666666,0,,,,
rag,Qwen3-1.7B,acebench_hard,100,1,0.6566666666666666,0,,,,
rag,Qwen3-1.7B,acebench_hard,200,0,0.6633333333333333,0,,,,
rag,Qwen3-1.7B,acebench_hard,200,1,0.6466666666666666,0,,,,
rag,Qwen3-1.7B,acebench_medium,5,0,0.97,0,,,,
rag,Qwen3-1.7B,acebench_medium,5,1,0.97,0,,,,
rag,Qwen3-1.7B,acebench_medium,10,0,0.9766666666666667,0,,,,
rag,Qwen3-1.7B,acebench_medium,10,1,0.9866666666666667,0,,,,
rag,Qwen3-1.7B,acebench_medium,25,0,0.9666666666666667,0,,,,
rag,Qwen3-1.7B,acebench_medium,25,1,0.96,0,,,,
rag,Qwen3-1.7B,acebench_medium,50,0,0.9833333333333333,0,,,,
rag,Qwen3-1.7B,acebench_medium,50,1,0.9566666666666667,0,,,,
rag,Qwen3-1.7B,acebench_medium,100,0,0.9733333333333334,0,,,,
rag,Qwen3-1.7B,acebench_medium,100,1,0.9666666666666667,0,,,,
rag,Qwen3-1.7B,acebench_medium,200,0,0.9733333333333334,0,,,,
rag,Qwen3-1.7B,acebench_medium,200,1,0.97,0,,,,
rag,Qwen3-1.7B,smart_home,5,0,0.88,0,,,,
rag,Qwen3-1.7B,smart_home,5,1,0.92,0,,,,
rag,Qwen3-1.7B,smart_home,10,0,0.8766666666666667,0,,,,
rag,Qwen3-1.7B,smart_home,10,1,0.8866666666666667,0,,,,
rag,Qwen3-1.7B,smart_home,25,0,0.91,0,,,,
rag,Qwen3-1.7B,smart_home,25,1,0.9066666666666666,0,,,,
rag,Qwen3-1.7B,smart_home,50,0,0.9,0,,,,
rag,Qwen3-1.7B,smart_home,50,1,0.9033333333333333,0,,,,
rag,Qwen3-1.7B,smart_home,100,0,0.92,0,,,,
rag,Qwen3-1.7B,smart_home,100,1,0.91,0,,,,
rag,Qwen3-1.7B,smart_home,200,0,0.93,0,,,,
rag,Qwen3-1.7B,smart_home,200,1,0.9166666666666666,0,,,,
rag,Qwen3-1.7B,git_assistant,5,0,0.6933333333333334,0,,,,
rag,Qwen3-1.7B,git_assistant,5,1,0.2966666666666667,0,,,,
rag,Qwen3-1.7B,git_assistant,10,0,0.72,0,,,,
rag,Qwen3-1.7B,git_assistant,10,1,0.3933333333333333,0,,,,
rag,Qwen3-1.7B,git_assistant,25,0,0.6966666666666667,0,,,,
rag,Qwen3-1.7B,git_assistant,25,1,0.48,0,,,,
rag,Qwen3-1.7B,git_assistant,50,0,0.6533333333333333,0,,,,
rag,Qwen3-1.7B,git_assistant,50,1,0.6066666666666667,0,,,,
rag,Qwen3-1.7B,git_assistant,100,0,0.6133333333333333,0,,,,
rag,Qwen3-1.7B,git_assistant,100,1,0.64,0,,,,
rag,Qwen3-1.7B,git_assistant,200,0,0.69,0,,,,
rag,Qwen3-1.7B,git_assistant,200,1,0.67,0,,,,
rag,Qwen3-1.7B,trec,5,0,0.5966666666666667,0,,,,
rag,Qwen3-1.7B,trec,5,1,0.5966666666666667,0,,,,
rag,Qwen3-1.7B,trec,10,0,0.6233333333333333,0,,,,
rag,Qwen3-1.7B,trec,10,1,0.6233333333333333,0,,,,
rag,Qwen3-1.7B,trec,25,0,0.59,0,,,,
rag,Qwen3-1.7B,trec,25,1,0.55,0,,,,
rag,Qwen3-1.7B,trec,50,0,0.5733333333333334,0,,,,
rag,Qwen3-1.7B,trec,50,1,0.63,0,,,,
rag,Qwen3-1.7B,trec,100,0,0.5433333333333333,0,,,,
rag,Qwen3-1.7B,trec,100,1,0.58,0,,,,
rag,Qwen3-1.7B,trec,200,0,0.5666666666666667,0,,,,
rag,Qwen3-1.7B,trec,200,1,0.5566666666666666,0,,,,
rag,Qwen3-1.7B,ecommerce,5,0,0.5433333333333333,0,,,,
rag,Qwen3-1.7B,ecommerce,5,1,0.52,0,,,,
rag,Qwen3-1.7B,ecommerce,10,0,0.5066666666666667,0,,,,
rag,Qwen3-1.7B,ecommerce,10,1,0.43,0,,,,
rag,Qwen3-1.7B,ecommerce,25,0,0.44666666666666666,0,,,,
rag,Qwen3-1.7B,ecommerce,25,1,0.4766666666666667,0,,,,
rag,Qwen3-1.7B,ecommerce,50,0,0.44666666666666666,0,,,,
rag,Qwen3-1.7B,ecommerce,50,1,0.5,0,,,,
rag,Qwen3-1.7B,ecommerce,100,0,0.4666666666666667,0,,,,
rag,Qwen3-1.7B,ecommerce,100,1,0.52,0,,,,
rag,Qwen3-1.7B,ecommerce,200,0,0.47,0,,,,
rag,Qwen3-1.7B,ecommerce,200,1,0.49333333333333335,0,,,,
rag,Qwen3-1.7B,injury,5,0,0.4266666666666667,0,,,,
rag,Qwen3-1.7B,injury,5,1,0.38333333333333336,0,,,,
rag,Qwen3-1.7B,injury,10,0,0.51,0,,,,
rag,Qwen3-1.7B,injury,10,1,0.34,0,,,,
rag,Qwen3-1.7B,injury,25,0,0.43,0,,,,
rag,Qwen3-1.7B,injury,25,1,0.39,0,,,,
rag,Qwen3-1.7B,injury,50,0,0.42333333333333334,0,,,,
rag,Qwen3-1.7B,injury,50,1,0.43333333333333335,0,,,,
rag,Qwen3-1.7B,injury,100,0,0.4533333333333333,0,,,,
rag,Qwen3-1.7B,injury,100,1,0.4633333333333333,0,,,,
rag,Qwen3-1.7B,injury,200,0,0.51,0,,,,
rag,Qwen3-1.7B,injury,200,1,0.51,0,,,,
rag,Qwen3-1.7B,currency,5,0,0.8666666666666667,0,,,,
rag,Qwen3-1.7B,currency,5,1,0.9466666666666667,0,,,,
rag,Qwen3-1.7B,currency,10,0,0.9433333333333334,0,,,,
rag,Qwen3-1.7B,currency,10,1,0.9333333333333333,0,,,,
rag,Qwen3-1.7B,currency,25,0,0.92,0,,,,
rag,Qwen3-1.7B,currency,25,1,0.9133333333333333,0,,,,
rag,Qwen3-1.7B,currency,50,0,0.9066666666666666,0,,,,
rag,Qwen3-1.7B,currency,50,1,0.92,0,,,,
rag,Qwen3-1.7B,currency,100,0,0.9066666666666666,0,,,,
rag,Qwen3-1.7B,currency,100,1,0.92,0,,,,
rag,Qwen3-1.7B,currency,200,0,0.92,0,,,,
rag,Qwen3-1.7B,currency,200,1,0.9166666666666666,0,,,,
rag,Qwen3-1.7B,dates,5,0,0.73,0,,,,
rag,Qwen3-1.7B,dates,5,1,0.84,0,,,,
rag,Qwen3-1.7B,dates,10,0,0.76,0,,,,
rag,Qwen3-1.7B,dates,10,1,0.6866666666666666,0,,,,
rag,Qwen3-1.7B,dates,25,0,0.82,0,,,,
rag,Qwen3-1.7B,dates,25,1,0.8533333333333334,0,,,,
rag,Qwen3-1.7B,dates,50,0,0.85,0,,,,
rag,Qwen3-1.7B,dates,50,1,0.86,0,,,,
rag,Qwen3-1.7B,dates,100,0,0.8566666666666667,0,,,,
rag,Qwen3-1.7B,dates,100,1,0.8866666666666667,0,,,,
rag,Qwen3-1.7B,dates,200,0,0.86,0,,,,
rag,Qwen3-1.7B,dates,200,1,0.8666666666666667,0,,,,
rag,Qwen3-1.7B,emoji,5,0,0.95,0,,,,
rag,Qwen3-1.7B,emoji,5,1,0.9366666666666666,0,,,,
rag,Qwen3-1.7B,emoji,10,0,0.9533333333333334,0,,,,
rag,Qwen3-1.7B,emoji,10,1,0.93,0,,,,
rag,Qwen3-1.7B,emoji,25,0,0.95,0,,,,
rag,Qwen3-1.7B,emoji,25,1,0.9066666666666666,0,,,,
rag,Qwen3-1.7B,emoji,50,0,0.9466666666666667,0,,,,
rag,Qwen3-1.7B,emoji,50,1,0.9233333333333333,0,,,,
rag,Qwen3-1.7B,emoji,100,0,0.9233333333333333,0,,,,
rag,Qwen3-1.7B,emoji,100,1,0.92,0,,,,
rag,Qwen3-1.7B,emoji,200,0,0.93,0,,,,
rag,Qwen3-1.7B,emoji,200,1,0.9166666666666666,0,,,,
rag,Qwen3-1.7B,emoji_list,5,0,0.8966666666666666,0,,,,
rag,Qwen3-1.7B,emoji_list,5,1,0.9033333333333333,0,,,,
rag,Qwen3-1.7B,emoji_list,10,0,0.9233333333333333,0,,,,
rag,Qwen3-1.7B,emoji_list,10,1,0.91,0,,,,
rag,Qwen3-1.7B,emoji_list,25,0,0.9,0,,,,
rag,Qwen3-1.7B,emoji_list,25,1,0.9366666666666666,0,,,,
rag,Qwen3-1.7B,emoji_list,50,0,0.92,0,,,,
rag,Qwen3-1.7B,emoji_list,50,1,0.9233333333333333,0,,,,
rag,Qwen3-1.7B,emoji_list,100,0,0.91,0,,,,
rag,Qwen3-1.7B,emoji_list,100,1,0.9433333333333334,0,,,,
rag,Qwen3-1.7B,emoji_list,200,0,0.9166666666666666,0,,,,
rag,Qwen3-1.7B,emoji_list,200,1,0.9333333333333333,0,,,,
rag,Qwen3-1.7B,replace,5,0,0.5733333333333334,0,,,,
rag,Qwen3-1.7B,replace,5,1,0.5733333333333334,0,,,,
rag,Qwen3-1.7B,replace,10,0,0.5733333333333334,0,,,,
rag,Qwen3-1.7B,replace,10,1,0.56,0,,,,
rag,Qwen3-1.7B,replace,25,0,0.5566666666666666,0,,,,
rag,Qwen3-1.7B,replace,25,1,0.5833333333333334,0,,,,
rag,Qwen3-1.7B,replace,50,0,0.5766666666666667,0,,,,
rag,Qwen3-1.7B,replace,50,1,0.58,0,,,,
rag,Qwen3-1.7B,replace,100,0,0.55,0,,,,
rag,Qwen3-1.7B,replace,100,1,0.61,0,,,,
rag,Qwen3-1.7B,replace,200,0,0.63,0,,,,
rag,Qwen3-1.7B,replace,200,1,0.5833333333333334,0,,,,
rag,Qwen3-1.7B,delete,5,0,0.26,0,,,,
rag,Qwen3-1.7B,delete,5,1,0.21333333333333335,0,,,,
rag,Qwen3-1.7B,delete,10,0,0.37,0,,,,
rag,Qwen3-1.7B,delete,10,1,0.3433333333333333,0,,,,
rag,Qwen3-1.7B,delete,25,0,0.33,0,,,,
rag,Qwen3-1.7B,delete,25,1,0.4,0,,,,
rag,Qwen3-1.7B,delete,50,0,0.3433333333333333,0,,,,
rag,Qwen3-1.7B,delete,50,1,0.37666666666666665,0,,,,
rag,Qwen3-1.7B,delete,100,0,0.37666666666666665,0,,,,
rag,Qwen3-1.7B,delete,100,1,0.42,0,,,,
rag,Qwen3-1.7B,delete,200,0,0.39,0,,,,
rag,Qwen3-1.7B,delete,200,1,0.4033333333333333,0,,,,
rag,Qwen3-1.7B,insert_before,5,0,0.15666666666666668,0,,,,
rag,Qwen3-1.7B,insert_before,5,1,0.17666666666666667,0,,,,
rag,Qwen3-1.7B,insert_before,10,0,0.19,0,,,,
rag,Qwen3-1.7B,insert_before,10,1,0.21,0,,,,
rag,Qwen3-1.7B,insert_before,25,0,0.19666666666666666,0,,,,
rag,Qwen3-1.7B,insert_before,25,1,0.2,0,,,,
rag,Qwen3-1.7B,insert_before,50,0,0.17666666666666667,0,,,,
rag,Qwen3-1.7B,insert_before,50,1,0.19333333333333333,0,,,,
rag,Qwen3-1.7B,insert_before,100,0,0.20333333333333334,0,,,,
rag,Qwen3-1.7B,insert_before,100,1,0.22666666666666666,0,,,,
rag,Qwen3-1.7B,insert_before,200,0,0.21333333333333335,0,,,,
rag,Qwen3-1.7B,insert_before,200,1,0.21666666666666667,0,,,,
rag,Qwen3-1.7B,text2sql,5,0,0.75,0,,,,
rag,Qwen3-1.7B,text2sql,5,1,0.7766666666666666,0,,,,
rag,Qwen3-1.7B,text2sql,10,0,0.7633333333333333,0,,,,
rag,Qwen3-1.7B,text2sql,10,1,0.75,0,,,,
rag,Qwen3-1.7B,text2sql,25,0,0.7866666666666666,0,,,,
rag,Qwen3-1.7B,text2sql,25,1,0.7633333333333333,0,,,,
rag,Qwen3-1.7B,text2sql,50,0,0.77,0,,,,
rag,Qwen3-1.7B,text2sql,50,1,0.7533333333333333,0,,,,
rag,Qwen3-1.7B,text2sql,100,0,0.78,0,,,,
rag,Qwen3-1.7B,text2sql,100,1,0.7633333333333333,0,,,,
rag,Qwen3-1.7B,text2sql,200,0,0.7666666666666667,0,,,,
rag,Qwen3-1.7B,text2sql,200,1,0.75,0,,,,
rag,Qwen3-1.7B,docstring,5,0,0.7466666666666667,0,,,,
rag,Qwen3-1.7B,docstring,5,1,0.7933333333333333,0,,,,
rag,Qwen3-1.7B,docstring,10,0,0.6933333333333334,0,,,,
rag,Qwen3-1.7B,docstring,10,1,0.5966666666666667,0,,,,
rag,Qwen3-1.7B,docstring,25,0,0.6266666666666667,0,,,,
rag,Qwen3-1.7B,docstring,25,1,0.7266666666666667,0,,,,
rag,Qwen3-1.7B,docstring,50,0,0.7,0,,,,
rag,Qwen3-1.7B,docstring,50,1,0.7133333333333334,0,,,,
rag,Qwen3-1.7B,docstring,100,0,0.69,0,,,,
rag,Qwen3-1.7B,docstring,100,1,0.64,0,,,,
rag,Qwen3-1.7B,docstring,200,0,0.6866666666666666,0,,,,
rag,Qwen3-1.7B,docstring,200,1,0.6666666666666666,0,,,,
rag,Qwen3-1.7B,pii,5,0,0.26666666666666666,0,,,,
rag,Qwen3-1.7B,pii,5,1,0.39,0,,,,
rag,Qwen3-1.7B,pii,10,0,0.4,0,,,,
rag,Qwen3-1.7B,pii,10,1,0.4666666666666667,0,,,,
rag,Qwen3-1.7B,pii,25,0,0.4533333333333333,0,,,,
rag,Qwen3-1.7B,pii,25,1,0.4533333333333333,0,,,,
rag,Qwen3-1.7B,pii,50,0,0.47333333333333333,0,,,,
rag,Qwen3-1.7B,pii,50,1,0.44,0,,,,
rag,Qwen3-1.7B,pii,100,0,0.5133333333333333,0,,,,
rag,Qwen3-1.7B,pii,100,1,0.52,0,,,,
rag,Qwen3-1.7B,pii,200,0,0.51,0,,,,
rag,Qwen3-1.7B,pii,200,1,0.5233333333333333,0,,,,
rag,Qwen3-4B-Instruct-2507,acebench_hard,5,0,0.7633333333333333,0,,,,
rag,Qwen3-4B-Instruct-2507,acebench_hard,5,1,0.7466666666666667,0,,,,
rag,Qwen3-4B-Instruct-2507,acebench_hard,10,0,0.75,0,,,,
rag,Qwen3-4B-Instruct-2507,acebench_hard,10,1,0.8233333333333334,0,,,,
rag,Qwen3-4B-Instruct-2507,acebench_hard,25,0,0.7933333333333333,0,,,,
rag,Qwen3-4B-Instruct-2507,acebench_hard,25,1,0.8166666666666667,0,,,,
rag,Qwen3-4B-Instruct-2507,acebench_hard,50,0,0.7866666666666666,0,,,,
rag,Qwen3-4B-Instruct-2507,acebench_hard,50,1,0.7733333333333333,0,,,,
rag,Qwen3-4B-Instruct-2507,acebench_hard,100,0,0.7566666666666667,0,,,,
rag,Qwen3-4B-Instruct-2507,acebench_hard,100,1,0.7866666666666666,0,,,,
rag,Qwen3-4B-Instruct-2507,acebench_hard,200,0,0.7466666666666667,0,,,,
rag,Qwen3-4B-Instruct-2507,acebench_hard,200,1,0.7766666666666666,0,,,,
rag,Qwen3-4B-Instruct-2507,acebench_medium,5,0,0.9933333333333333,0,,,,
rag,Qwen3-4B-Instruct-2507,acebench_medium,5,1,0.99,0,,,,
rag,Qwen3-4B-Instruct-2507,acebench_medium,10,0,0.9866666666666667,0,,,,
rag,Qwen3-4B-Instruct-2507,acebench_medium,10,1,1.0,0,,,,
rag,Qwen3-4B-Instruct-2507,acebench_medium,25,0,0.9933333333333333,0,,,,
rag,Qwen3-4B-Instruct-2507,acebench_medium,25,1,0.9933333333333333,0,,,,
rag,Qwen3-4B-Instruct-2507,acebench_medium,50,0,0.99,0,,,,
rag,Qwen3-4B-Instruct-2507,acebench_medium,50,1,0.98,0,,,,
rag,Qwen3-4B-Instruct-2507,acebench_medium,100,0,0.9833333333333333,0,,,,
rag,Qwen3-4B-Instruct-2507,acebench_medium,100,1,0.9933333333333333,0,,,,
rag,Qwen3-4B-Instruct-2507,acebench_medium,200,0,0.9866666666666667,0,,,,
rag,Qwen3-4B-Instruct-2507,acebench_medium,200,1,0.9866666666666667,0,,,,
rag,Qwen3-4B-Instruct-2507,smart_home,5,0,0.95,0,,,,
rag,Qwen3-4B-Instruct-2507,smart_home,5,1,0.9433333333333334,0,,,,
rag,Qwen3-4B-Instruct-2507,smart_home,10,0,0.9433333333333334,0,,,,
rag,Qwen3-4B-Instruct-2507,smart_home,10,1,0.9466666666666667,0,,,,
rag,Qwen3-4B-Instruct-2507,smart_home,25,0,0.9433333333333334,0,,,,
rag,Qwen3-4B-Instruct-2507,smart_home,25,1,0.96,0,,,,
rag,Qwen3-4B-Instruct-2507,smart_home,50,0,0.94,0,,,,
rag,Qwen3-4B-Instruct-2507,smart_home,50,1,0.9533333333333334,0,,,,
rag,Qwen3-4B-Instruct-2507,smart_home,100,0,0.95,0,,,,
rag,Qwen3-4B-Instruct-2507,smart_home,100,1,0.9466666666666667,0,,,,
rag,Qwen3-4B-Instruct-2507,smart_home,200,0,0.95,0,,,,
rag,Qwen3-4B-Instruct-2507,smart_home,200,1,0.95,0,,,,
rag,Qwen3-4B-Instruct-2507,git_assistant,5,0,0.9233333333333333,0,,,,
rag,Qwen3-4B-Instruct-2507,git_assistant,5,1,0.8766666666666667,0,,,,
rag,Qwen3-4B-Instruct-2507,git_assistant,10,0,0.94,0,,,,
rag,Qwen3-4B-Instruct-2507,git_assistant,10,1,0.8833333333333333,0,,,,
rag,Qwen3-4B-Instruct-2507,git_assistant,25,0,0.9233333333333333,0,,,,
rag,Qwen3-4B-Instruct-2507,git_assistant,25,1,0.8766666666666667,0,,,,
rag,Qwen3-4B-Instruct-2507,git_assistant,50,0,0.92,0,,,,
rag,Qwen3-4B-Instruct-2507,git_assistant,50,1,0.9066666666666666,0,,,,
rag,Qwen3-4B-Instruct-2507,git_assistant,100,0,0.93,0,,,,
rag,Qwen3-4B-Instruct-2507,git_assistant,100,1,0.93,0,,,,
rag,Qwen3-4B-Instruct-2507,git_assistant,200,0,0.92,0,,,,
rag,Qwen3-4B-Instruct-2507,git_assistant,200,1,0.9166666666666666,0,,,,
rag,Qwen3-4B-Instruct-2507,trec,5,0,0.72,0,,,,
rag,Qwen3-4B-Instruct-2507,trec,5,1,0.7633333333333333,0,,,,
rag,Qwen3-4B-Instruct-2507,trec,10,0,0.8,0,,,,
rag,Qwen3-4B-Instruct-2507,trec,10,1,0.82,0,,,,
rag,Qwen3-4B-Instruct-2507,trec,25,0,0.7933333333333333,0,,,,
rag,Qwen3-4B-Instruct-2507,trec,25,1,0.79,0,,,,
rag,Qwen3-4B-Instruct-2507,trec,50,0,0.7733333333333333,0,,,,
rag,Qwen3-4B-Instruct-2507,trec,50,1,0.8066666666666666,0,,,,
rag,Qwen3-4B-Instruct-2507,trec,100,0,0.82,0,,,,
rag,Qwen3-4B-Instruct-2507,trec,100,1,0.8266666666666667,0,,,,
rag,Qwen3-4B-Instruct-2507,trec,200,0,0.8266666666666667,0,,,,
rag,Qwen3-4B-Instruct-2507,trec,200,1,0.81,0,,,,
rag,Qwen3-4B-Instruct-2507,ecommerce,5,0,0.91,0,,,,
rag,Qwen3-4B-Instruct-2507,ecommerce,5,1,0.8933333333333333,0,,,,
rag,Qwen3-4B-Instruct-2507,ecommerce,10,0,0.9133333333333333,0,,,,
rag,Qwen3-4B-Instruct-2507,ecommerce,10,1,0.9033333333333333,0,,,,
rag,Qwen3-4B-Instruct-2507,ecommerce,25,0,0.92,0,,,,
rag,Qwen3-4B-Instruct-2507,ecommerce,25,1,0.8866666666666667,0,,,,
rag,Qwen3-4B-Instruct-2507,ecommerce,50,0,0.8966666666666666,0,,,,
rag,Qwen3-4B-Instruct-2507,ecommerce,50,1,0.9,0,,,,
rag,Qwen3-4B-Instruct-2507,ecommerce,100,0,0.8833333333333333,0,,,,
rag,Qwen3-4B-Instruct-2507,ecommerce,100,1,0.8866666666666667,0,,,,
rag,Qwen3-4B-Instruct-2507,ecommerce,200,0,0.8866666666666667,0,,,,
rag,Qwen3-4B-Instruct-2507,ecommerce,200,1,0.91,0,,,,
rag,Qwen3-4B-Instruct-2507,injury,5,0,0.71,0,,,,
rag,Qwen3-4B-Instruct-2507,injury,5,1,0.7333333333333333,0,,,,
rag,Qwen3-4B-Instruct-2507,injury,10,0,0.7066666666666667,0,,,,
rag,Qwen3-4B-Instruct-2507,injury,10,1,0.76,0,,,,
rag,Qwen3-4B-Instruct-2507,injury,25,0,0.7366666666666667,0,,,,
rag,Qwen3-4B-Instruct-2507,injury,25,1,0.7666666666666667,0,,,,
rag,Qwen3-4B-Instruct-2507,injury,50,0,0.7833333333333333,0,,,,
rag,Qwen3-4B-Instruct-2507,injury,50,1,0.7733333333333333,0,,,,
rag,Qwen3-4B-Instruct-2507,injury,100,0,0.78,0,,,,
rag,Qwen3-4B-Instruct-2507,injury,100,1,0.78,0,,,,
rag,Qwen3-4B-Instruct-2507,injury,200,0,0.7766666666666666,0,,,,
rag,Qwen3-4B-Instruct-2507,injury,200,1,0.81,0,,,,
rag,Qwen3-4B-Instruct-2507,currency,5,0,0.9933333333333333,0,,,,
rag,Qwen3-4B-Instruct-2507,currency,5,1,0.9966666666666667,0,,,,
rag,Qwen3-4B-Instruct-2507,currency,10,0,0.9966666666666667,0,,,,
rag,Qwen3-4B-Instruct-2507,currency,10,1,0.9933333333333333,0,,,,
rag,Qwen3-4B-Instruct-2507,currency,25,0,0.9766666666666667,0,,,,
rag,Qwen3-4B-Instruct-2507,currency,25,1,0.99,0,,,,
rag,Qwen3-4B-Instruct-2507,currency,50,0,0.9933333333333333,0,,,,
rag,Qwen3-4B-Instruct-2507,currency,50,1,0.9933333333333333,0,,,,
rag,Qwen3-4B-Instruct-2507,currency,100,0,0.9733333333333334,0,,,,
rag,Qwen3-4B-Instruct-2507,currency,100,1,1.0,0,,,,
rag,Qwen3-4B-Instruct-2507,currency,200,0,0.9866666666666667,0,,,,
rag,Qwen3-4B-Instruct-2507,currency,200,1,0.9933333333333333,0,,,,
rag,Qwen3-4B-Instruct-2507,dates,5,0,0.98,0,,,,
rag,Qwen3-4B-Instruct-2507,dates,5,1,0.99,0,,,,
rag,Qwen3-4B-Instruct-2507,dates,10,0,0.9866666666666667,0,,,,
rag,Qwen3-4B-Instruct-2507,dates,10,1,0.9966666666666667,0,,,,
rag,Qwen3-4B-Instruct-2507,dates,25,0,0.9866666666666667,0,,,,
rag,Qwen3-4B-Instruct-2507,dates,25,1,0.9933333333333333,0,,,,
rag,Qwen3-4B-Instruct-2507,dates,50,0,0.98,0,,,,
rag,Qwen3-4B-Instruct-2507,dates,50,1,0.9866666666666667,0,,,,
rag,Qwen3-4B-Instruct-2507,dates,100,0,0.9933333333333333,0,,,,
rag,Qwen3-4B-Instruct-2507,dates,100,1,0.9866666666666667,0,,,,
rag,Qwen3-4B-Instruct-2507,dates,200,0,0.9933333333333333,0,,,,
rag,Qwen3-4B-Instruct-2507,dates,200,1,0.99,0,,,,
rag,Qwen3-4B-Instruct-2507,emoji,5,0,0.9733333333333334,0,,,,
rag,Qwen3-4B-Instruct-2507,emoji,5,1,0.99,0,,,,
rag,Qwen3-4B-Instruct-2507,emoji,10,0,0.98,0,,,,
rag,Qwen3-4B-Instruct-2507,emoji,10,1,0.9866666666666667,0,,,,
rag,Qwen3-4B-Instruct-2507,emoji,25,0,0.9833333333333333,0,,,,
rag,Qwen3-4B-Instruct-2507,emoji,25,1,0.98,0,,,,
rag,Qwen3-4B-Instruct-2507,emoji,50,0,0.9866666666666667,0,,,,
rag,Qwen3-4B-Instruct-2507,emoji,50,1,0.9833333333333333,0,,,,
rag,Qwen3-4B-Instruct-2507,emoji,100,0,0.98,0,,,,
rag,Qwen3-4B-Instruct-2507,emoji,100,1,0.9766666666666667,0,,,,
rag,Qwen3-4B-Instruct-2507,emoji,200,0,0.9933333333333333,0,,,,
rag,Qwen3-4B-Instruct-2507,emoji,200,1,0.98,0,,,,
rag,Qwen3-4B-Instruct-2507,emoji_list,5,0,0.9933333333333333,0,,,,
rag,Qwen3-4B-Instruct-2507,emoji_list,5,1,0.9933333333333333,0,,,,
rag,Qwen3-4B-Instruct-2507,emoji_list,10,0,0.9366666666666666,0,,,,
rag,Qwen3-4B-Instruct-2507,emoji_list,10,1,0.9733333333333334,0,,,,
rag,Qwen3-4B-Instruct-2507,emoji_list,25,0,0.9666666666666667,0,,,,
rag,Qwen3-4B-Instruct-2507,emoji_list,25,1,0.9733333333333334,0,,,,
rag,Qwen3-4B-Instruct-2507,emoji_list,50,0,0.99,0,,,,
rag,Qwen3-4B-Instruct-2507,emoji_list,50,1,0.99,0,,,,
rag,Qwen3-4B-Instruct-2507,emoji_list,100,0,0.9966666666666667,0,,,,
rag,Qwen3-4B-Instruct-2507,emoji_list,100,1,0.9866666666666667,0,,,,
rag,Qwen3-4B-Instruct-2507,emoji_list,200,0,0.9933333333333333,0,,,,
rag,Qwen3-4B-Instruct-2507,emoji_list,200,1,0.9833333333333333,0,,,,
rag,Qwen3-4B-Instruct-2507,replace,5,0,0.79,0,,,,
rag,Qwen3-4B-Instruct-2507,replace,5,1,0.76,0,,,,
rag,Qwen3-4B-Instruct-2507,replace,10,0,0.7866666666666666,0,,,,
rag,Qwen3-4B-Instruct-2507,replace,10,1,0.75,0,,,,
rag,Qwen3-4B-Instruct-2507,replace,25,0,0.7566666666666667,0,,,,
rag,Qwen3-4B-Instruct-2507,replace,25,1,0.7566666666666667,0,,,,
rag,Qwen3-4B-Instruct-2507,replace,50,0,0.7633333333333333,0,,,,
rag,Qwen3-4B-Instruct-2507,replace,50,1,0.75,0,,,,
rag,Qwen3-4B-Instruct-2507,replace,100,0,0.7533333333333333,0,,,,
rag,Qwen3-4B-Instruct-2507,replace,100,1,0.79,0,,,,
rag,Qwen3-4B-Instruct-2507,replace,200,0,0.7566666666666667,0,,,,
rag,Qwen3-4B-Instruct-2507,replace,200,1,0.77,0,,,,
rag,Qwen3-4B-Instruct-2507,delete,5,0,0.65,0,,,,
rag,Qwen3-4B-Instruct-2507,delete,5,1,0.6333333333333333,0,,,,
rag,Qwen3-4B-Instruct-2507,delete,10,0,0.74,0,,,,
rag,Qwen3-4B-Instruct-2507,delete,10,1,0.7333333333333333,0,,,,
rag,Qwen3-4B-Instruct-2507,delete,25,0,0.72,0,,,,
rag,Qwen3-4B-Instruct-2507,delete,25,1,0.7466666666666667,0,,,,
rag,Qwen3-4B-Instruct-2507,delete,50,0,0.7433333333333333,0,,,,
rag,Qwen3-4B-Instruct-2507,delete,50,1,0.7166666666666667,0,,,,
rag,Qwen3-4B-Instruct-2507,delete,100,0,0.7333333333333333,0,,,,
rag,Qwen3-4B-Instruct-2507,delete,100,1,0.7566666666666667,0,,,,
rag,Qwen3-4B-Instruct-2507,delete,200,0,0.7433333333333333,0,,,,
rag,Qwen3-4B-Instruct-2507,delete,200,1,0.7466666666666667,0,,,,
rag,Qwen3-4B-Instruct-2507,insert_before,5,0,0.47333333333333333,0,,,,
rag,Qwen3-4B-Instruct-2507,insert_before,5,1,0.5166666666666667,0,,,,
rag,Qwen3-4B-Instruct-2507,insert_before,10,0,0.45,0,,,,
rag,Qwen3-4B-Instruct-2507,insert_before,10,1,0.5133333333333333,0,,,,
rag,Qwen3-4B-Instruct-2507,insert_before,25,0,0.44666666666666666,0,,,,
rag,Qwen3-4B-Instruct-2507,insert_before,25,1,0.5,0,,,,
rag,Qwen3-4B-Instruct-2507,insert_before,50,0,0.47,0,,,,
rag,Qwen3-4B-Instruct-2507,insert_before,50,1,0.49,0,,,,
rag,Qwen3-4B-Instruct-2507,insert_before,100,0,0.4633333333333333,0,,,,
rag,Qwen3-4B-Instruct-2507,insert_before,100,1,0.51,0,,,,
rag,Qwen3-4B-Instruct-2507,insert_before,200,0,0.48,0,,,,
rag,Qwen3-4B-Instruct-2507,insert_before,200,1,0.49,0,,,,
rag,Qwen3-4B-Instruct-2507,text2sql,5,0,0.86,0,,,,
rag,Qwen3-4B-Instruct-2507,text2sql,5,1,0.9033333333333333,0,,,,
rag,Qwen3-4B-Instruct-2507,text2sql,10,0,0.8666666666666667,0,,,,
rag,Qwen3-4B-Instruct-2507,text2sql,10,1,0.8966666666666666,0,,,,
rag,Qwen3-4B-Instruct-2507,text2sql,25,0,0.8733333333333333,0,,,,
rag,Qwen3-4B-Instruct-2507,text2sql,25,1,0.8833333333333333,0,,,,
rag,Qwen3-4B-Instruct-2507,text2sql,50,0,0.8766666666666667,0,,,,
rag,Qwen3-4B-Instruct-2507,text2sql,50,1,0.9033333333333333,0,,,,
rag,Qwen3-4B-Instruct-2507,text2sql,100,0,0.9,0,,,,
rag,Qwen3-4B-Instruct-2507,text2sql,100,1,0.8866666666666667,0,,,,
rag,Qwen3-4B-Instruct-2507,text2sql,200,0,0.8866666666666667,0,,,,
rag,Qwen3-4B-Instruct-2507,text2sql,200,1,0.8833333333333333,0,,,,
rag,Qwen3-4B-Instruct-2507,docstring,5,0,0.89,0,,,,
rag,Qwen3-4B-Instruct-2507,docstring,5,1,0.86,0,,,,
rag,Qwen3-4B-Instruct-2507,docstring,10,0,0.8866666666666667,0,,,,
rag,Qwen3-4B-Instruct-2507,docstring,10,1,0.8933333333333333,0,,,,
rag,Qwen3-4B-Instruct-2507,docstring,25,0,0.8933333333333333,0,,,,
rag,Qwen3-4B-Instruct-2507,docstring,25,1,0.8966666666666666,0,,,,
rag,Qwen3-4B-Instruct-2507,docstring,50,0,0.9033333333333333,0,,,,
rag,Qwen3-4B-Instruct-2507,docstring,50,1,0.9066666666666666,0,,,,
rag,Qwen3-4B-Instruct-2507,docstring,100,0,0.9166666666666666,0,,,,
rag,Qwen3-4B-Instruct-2507,docstring,100,1,0.89,0,,,,
rag,Qwen3-4B-Instruct-2507,docstring,200,0,0.87,0,,,,
rag,Qwen3-4B-Instruct-2507,docstring,200,1,0.86,0,,,,
rag,Qwen3-4B-Instruct-2507,pii,5,0,0.7366666666666667,0,,,,
rag,Qwen3-4B-Instruct-2507,pii,5,1,0.7366666666666667,0,,,,
rag,Qwen3-4B-Instruct-2507,pii,10,0,0.7433333333333333,0,,,,
rag,Qwen3-4B-Instruct-2507,pii,10,1,0.7333333333333333,0,,,,
rag,Qwen3-4B-Instruct-2507,pii,25,0,0.73,0,,,,
rag,Qwen3-4B-Instruct-2507,pii,25,1,0.7566666666666667,0,,,,
rag,Qwen3-4B-Instruct-2507,pii,50,0,0.7433333333333333,0,,,,
rag,Qwen3-4B-Instruct-2507,pii,50,1,0.7433333333333333,0,,,,
rag,Qwen3-4B-Instruct-2507,pii,100,0,0.7633333333333333,0,,,,
rag,Qwen3-4B-Instruct-2507,pii,100,1,0.7666666666666667,0,,,,
rag,Qwen3-4B-Instruct-2507,pii,200,0,0.77,0,,,,
rag,Qwen3-4B-Instruct-2507,pii,200,1,0.77,0,,,,
cv_greedy,Qwen3-0.6B,acebench_hard,5,0,0.2966666666666667,0,,,,
cv_greedy,Qwen3-0.6B,acebench_hard,5,1,0.33,0,,,,
cv_greedy,Qwen3-0.6B,acebench_hard,10,0,0.4666666666666667,0,,,,
cv_greedy,Qwen3-0.6B,acebench_hard,10,1,0.11,0,,,,
cv_greedy,Qwen3-0.6B,acebench_hard,25,0,0.4633333333333333,0,,,,
cv_greedy,Qwen3-0.6B,acebench_hard,25,1,0.3233333333333333,0,,,,
cv_greedy,Qwen3-0.6B,acebench_hard,50,0,0.46,0,,,,
cv_greedy,Qwen3-0.6B,acebench_hard,50,1,0.5133333333333333,0,,,,
cv_greedy,Qwen3-0.6B,acebench_hard,100,0,0.4066666666666667,0,,,,
cv_greedy,Qwen3-0.6B,acebench_hard,100,1,0.4633333333333333,0,,,,
cv_greedy,Qwen3-0.6B,acebench_hard,200,0,0.54,0,,,,
cv_greedy,Qwen3-0.6B,acebench_hard,200,1,0.49,0,,,,
cv_greedy,Qwen3-0.6B,acebench_medium,5,0,0.48333333333333334,0,,,,
cv_greedy,Qwen3-0.6B,acebench_medium,5,1,0.57,0,,,,
cv_greedy,Qwen3-0.6B,acebench_medium,10,0,0.05,0,,,,
cv_greedy,Qwen3-0.6B,acebench_medium,10,1,0.8233333333333334,0,,,,
cv_greedy,Qwen3-0.6B,acebench_medium,25,0,0.71,0,,,,
cv_greedy,Qwen3-0.6B,acebench_medium,25,1,0.9,0,,,,
cv_greedy,Qwen3-0.6B,acebench_medium,50,0,0.87,0,,,,
cv_greedy,Qwen3-0.6B,acebench_medium,50,1,0.9133333333333333,0,,,,
cv_greedy,Qwen3-0.6B,acebench_medium,100,0,0.9066666666666666,0,,,,
cv_greedy,Qwen3-0.6B,acebench_medium,100,1,0.8933333333333333,0,,,,
cv_greedy,Qwen3-0.6B,acebench_medium,200,0,0.93,0,,,,
cv_greedy,Qwen3-0.6B,acebench_medium,200,1,0.8733333333333333,0,,,,
cv_greedy,Qwen3-0.6B,smart_home,5,0,0.7533333333333333,0,,,,
cv_greedy,Qwen3-0.6B,smart_home,5,1,0.7566666666666667,0,,,,
cv_greedy,Qwen3-0.6B,smart_home,10,0,0.8,0,,,,
cv_greedy,Qwen3-0.6B,smart_home,10,1,0.7533333333333333,0,,,,
cv_greedy,Qwen3-0.6B,smart_home,25,0,0.8466666666666667,0,,,,
cv_greedy,Qwen3-0.6B,smart_home,25,1,0.8566666666666667,0,,,,
cv_greedy,Qwen3-0.6B,smart_home,50,0,0.8533333333333334,0,,,,
cv_greedy,Qwen3-0.6B,smart_home,50,1,0.8533333333333334,0,,,,
cv_greedy,Qwen3-0.6B,smart_home,100,0,0.9066666666666666,0,,,,
cv_greedy,Qwen3-0.6B,smart_home,100,1,0.8666666666666667,0,,,,
cv_greedy,Qwen3-0.6B,smart_home,200,0,0.9033333333333333,0,,,,
cv_greedy,Qwen3-0.6B,smart_home,200,1,0.9266666666666666,0,,,,
cv_greedy,Qwen3-0.6B,git_assistant,5,0,0.49666666666666665,0,,,,
cv_greedy,Qwen3-0.6B,git_assistant,5,1,0.49333333333333335,0,,,,
cv_greedy,Qwen3-0.6B,git_assistant,10,0,0.5033333333333333,0,,,,
cv_greedy,Qwen3-0.6B,git_assistant,10,1,0.5166666666666667,0,,,,
cv_greedy,Qwen3-0.6B,git_assistant,25,0,0.48,0,,,,
cv_greedy,Qwen3-0.6B,git_assistant,25,1,0.45,0,,,,
cv_greedy,Qwen3-0.6B,git_assistant,50,0,0.5233333333333333,0,,,,
cv_greedy,Qwen3-0.6B,git_assistant,50,1,0.6366666666666667,0,,,,
cv_greedy,Qwen3-0.6B,git_assistant,100,0,0.6466666666666666,0,,,,
cv_greedy,Qwen3-0.6B,git_assistant,100,1,0.5333333333333333,0,,,,
cv_greedy,Qwen3-0.6B,git_assistant,200,0,0.6,0,,,,
cv_greedy,Qwen3-0.6B,git_assistant,200,1,0.6733333333333333,0,,,,
cv_greedy,Qwen3-0.6B,trec,5,0,0.43666666666666665,0,,,,
cv_greedy,Qwen3-0.6B,trec,5,1,0.4033333333333333,0,,,,
cv_greedy,Qwen3-0.6B,trec,10,0,0.38333333333333336,0,,,,
cv_greedy,Qwen3-0.6B,trec,10,1,0.4266666666666667,0,,,,
cv_greedy,Qwen3-0.6B,trec,25,0,0.38666666666666666,0,,,,
cv_greedy,Qwen3-0.6B,trec,25,1,0.47333333333333333,0,,,,
cv_greedy,Qwen3-0.6B,trec,50,0,0.5966666666666667,0,,,,
cv_greedy,Qwen3-0.6B,trec,50,1,0.5,0,,,,
cv_greedy,Qwen3-0.6B,trec,100,0,0.4266666666666667,0,,,,
cv_greedy,Qwen3-0.6B,trec,100,1,0.56,0,,,,
cv_greedy,Qwen3-0.6B,trec,200,0,0.4066666666666667,0,,,,
cv_greedy,Qwen3-0.6B,trec,200,1,0.49666666666666665,0,,,,
cv_greedy,Qwen3-0.6B,ecommerce,5,0,0.38333333333333336,0,,,,
cv_greedy,Qwen3-0.6B,ecommerce,5,1,0.42,0,,,,
cv_greedy,Qwen3-0.6B,ecommerce,10,0,0.2633333333333333,0,,,,
cv_greedy,Qwen3-0.6B,ecommerce,10,1,0.25333333333333335,0,,,,
cv_greedy,Qwen3-0.6B,ecommerce,25,0,0.5533333333333333,0,,,,
cv_greedy,Qwen3-0.6B,ecommerce,25,1,0.3466666666666667,0,,,,
cv_greedy,Qwen3-0.6B,ecommerce,50,0,0.5166666666666667,0,,,,
cv_greedy,Qwen3-0.6B,ecommerce,50,1,0.5233333333333333,0,,,,
cv_greedy,Qwen3-0.6B,ecommerce,100,0,0.48,0,,,,
cv_greedy,Qwen3-0.6B,ecommerce,100,1,0.6466666666666666,0,,,,
cv_greedy,Qwen3-0.6B,ecommerce,200,0,0.37333333333333335,0,,,,
cv_greedy,Qwen3-0.6B,ecommerce,200,1,0.5666666666666667,0,,,,
cv_greedy,Qwen3-0.6B,injury,5,0,0.17666666666666667,0,,,,
cv_greedy,Qwen3-0.6B,injury,5,1,0.17666666666666667,0,,,,
cv_greedy,Qwen3-0.6B,injury,10,0,0.38666666666666666,0,,,,
cv_greedy,Qwen3-0.6B,injury,10,1,0.3566666666666667,0,,,,
cv_greedy,Qwen3-0.6B,injury,25,0,0.24,0,,,,
cv_greedy,Qwen3-0.6B,injury,25,1,0.20666666666666667,0,,,,
cv_greedy,Qwen3-0.6B,injury,50,0,0.34,0,,,,
cv_greedy,Qwen3-0.6B,injury,50,1,0.22,0,,,,
cv_greedy,Qwen3-0.6B,injury,100,0,0.36666666666666664,0,,,,
cv_greedy,Qwen3-0.6B,injury,100,1,0.25,0,,,,
cv_greedy,Qwen3-0.6B,injury,200,0,0.19,0,,,,
cv_greedy,Qwen3-0.6B,injury,200,1,0.20666666666666667,0,,,,
cv_greedy,Qwen3-0.6B,currency,5,0,0.67,0,,,,
cv_greedy,Qwen3-0.6B,currency,5,1,0.6633333333333333,0,,,,
cv_greedy,Qwen3-0.6B,currency,10,0,0.8433333333333334,0,,,,
cv_greedy,Qwen3-0.6B,currency,10,1,0.19333333333333333,0,,,,
cv_greedy,Qwen3-0.6B,currency,25,0,0.8333333333333334,0,,,,
cv_greedy,Qwen3-0.6B,currency,25,1,0.85,0,,,,
cv_greedy,Qwen3-0.6B,currency,50,0,0.6566666666666666,0,,,,
cv_greedy,Qwen3-0.6B,currency,50,1,0.8566666666666667,0,,,,
cv_greedy,Qwen3-0.6B,currency,100,0,0.83,0,,,,
cv_greedy,Qwen3-0.6B,currency,100,1,0.7633333333333333,0,,,,
cv_greedy,Qwen3-0.6B,currency,200,0,0.8433333333333334,0,,,,
cv_greedy,Qwen3-0.6B,currency,200,1,0.82,0,,,,
cv_greedy,Qwen3-0.6B,dates,5,0,0.4666666666666667,0,,,,
cv_greedy,Qwen3-0.6B,dates,5,1,0.5833333333333334,0,,,,
cv_greedy,Qwen3-0.6B,dates,10,0,0.59,0,,,,
cv_greedy,Qwen3-0.6B,dates,10,1,0.5933333333333334,0,,,,
cv_greedy,Qwen3-0.6B,dates,25,0,0.5666666666666667,0,,,,
cv_greedy,Qwen3-0.6B,dates,25,1,0.66,0,,,,
cv_greedy,Qwen3-0.6B,dates,50,0,0.5766666666666667,0,,,,
cv_greedy,Qwen3-0.6B,dates,50,1,0.63,0,,,,
cv_greedy,Qwen3-0.6B,dates,100,0,0.6166666666666667,0,,,,
cv_greedy,Qwen3-0.6B,dates,100,1,0.59,0,,,,
cv_greedy,Qwen3-0.6B,dates,200,0,0.6433333333333333,0,,,,
cv_greedy,Qwen3-0.6B,dates,200,1,0.5766666666666667,0,,,,
cv_greedy,Qwen3-0.6B,emoji,5,0,0.8966666666666666,0,,,,
cv_greedy,Qwen3-0.6B,emoji,5,1,0.9733333333333334,0,,,,
cv_greedy,Qwen3-0.6B,emoji,10,0,0.7633333333333333,0,,,,
cv_greedy,Qwen3-0.6B,emoji,10,1,0.9866666666666667,0,,,,
cv_greedy,Qwen3-0.6B,emoji,25,0,0.98,0,,,,
cv_greedy,Qwen3-0.6B,emoji,25,1,0.9833333333333333,0,,,,
cv_greedy,Qwen3-0.6B,emoji,50,0,0.9666666666666667,0,,,,
cv_greedy,Qwen3-0.6B,emoji,50,1,0.9766666666666667,0,,,,
cv_greedy,Qwen3-0.6B,emoji,100,0,0.99,0,,,,
cv_greedy,Qwen3-0.6B,emoji,100,1,0.9833333333333333,0,,,,
cv_greedy,Qwen3-0.6B,emoji,200,0,0.9833333333333333,0,,,,
cv_greedy,Qwen3-0.6B,emoji,200,1,0.99,0,,,,
cv_greedy,Qwen3-0.6B,emoji_list,5,0,0.42,0,,,,
cv_greedy,Qwen3-0.6B,emoji_list,5,1,0.5233333333333333,0,,,,
cv_greedy,Qwen3-0.6B,emoji_list,10,0,0.4766666666666667,0,,,,
cv_greedy,Qwen3-0.6B,emoji_list,10,1,0.5366666666666666,0,,,,
cv_greedy,Qwen3-0.6B,emoji_list,25,0,0.7633333333333333,0,,,,
cv_greedy,Qwen3-0.6B,emoji_list,25,1,0.75,0,,,,
cv_greedy,Qwen3-0.6B,emoji_list,50,0,0.69,0,,,,
cv_greedy,Qwen3-0.6B,emoji_list,50,1,0.6733333333333333,0,,,,
cv_greedy,Qwen3-0.6B,emoji_list,100,0,0.71,0,,,,
cv_greedy,Qwen3-0.6B,emoji_list,100,1,0.7433333333333333,0,,,,
cv_greedy,Qwen3-0.6B,emoji_list,200,0,0.7333333333333333,0,,,,
cv_greedy,Qwen3-0.6B,emoji_list,200,1,0.78,0,,,,
cv_greedy,Qwen3-0.6B,replace,5,0,0.35,0,,,,
cv_greedy,Qwen3-0.6B,replace,5,1,0.3,0,,,,
cv_greedy,Qwen3-0.6B,replace,10,0,0.31,0,,,,
cv_greedy,Qwen3-0.6B,replace,10,1,0.3466666666666667,0,,,,
cv_greedy,Qwen3-0.6B,replace,25,0,0.3333333333333333,0,,,,
cv_greedy,Qwen3-0.6B,replace,25,1,0.41,0,,,,
cv_greedy,Qwen3-0.6B,replace,50,0,0.41,0,,,,
cv_greedy,Qwen3-0.6B,replace,50,1,0.37666666666666665,0,,,,
cv_greedy,Qwen3-0.6B,replace,100,0,0.38,0,,,,
cv_greedy,Qwen3-0.6B,replace,100,1,0.37666666666666665,0,,,,
cv_greedy,Qwen3-0.6B,replace,200,0,0.37333333333333335,0,,,,
cv_greedy,Qwen3-0.6B,replace,200,1,0.4033333333333333,0,,,,
cv_greedy,Qwen3-0.6B,delete,5,0,0.01,0,,,,
cv_greedy,Qwen3-0.6B,delete,5,1,0.01,0,,,,
cv_greedy,Qwen3-0.6B,delete,10,0,0.01,0,,,,
cv_greedy,Qwen3-0.6B,delete,10,1,0.01,0,,,,
cv_greedy,Qwen3-0.6B,delete,25,0,0.01,0,,,,
cv_greedy,Qwen3-0.6B,delete,25,1,0.01,0,,,,
cv_greedy,Qwen3-0.6B,delete,50,0,0.01,0,,,,
cv_greedy,Qwen3-0.6B,delete,50,1,0.01,0,,,,
cv_greedy,Qwen3-0.6B,delete,100,0,0.01,0,,,,
cv_greedy,Qwen3-0.6B,delete,100,1,0.02,0,,,,
cv_greedy,Qwen3-0.6B,delete,200,0,0.02666666666666667,0,,,,
cv_greedy,Qwen3-0.6B,delete,200,1,0.03333333333333333,0,,,,
cv_greedy,Qwen3-0.6B,insert_before,5,0,0.06666666666666667,0,,,,
cv_greedy,Qwen3-0.6B,insert_before,5,1,0.04666666666666667,0,,,,
cv_greedy,Qwen3-0.6B,insert_before,10,0,0.056666666666666664,0,,,,
cv_greedy,Qwen3-0.6B,insert_before,10,1,0.1,0,,,,
cv_greedy,Qwen3-0.6B,insert_before,25,0,0.06666666666666667,0,,,,
cv_greedy,Qwen3-0.6B,insert_before,25,1,0.09,0,,,,
cv_greedy,Qwen3-0.6B,insert_before,50,0,0.12666666666666668,0,,,,
cv_greedy,Qwen3-0.6B,insert_before,50,1,0.15,0,,,,
cv_greedy,Qwen3-0.6B,insert_before,100,0,0.13,0,,,,
cv_greedy,Qwen3-0.6B,insert_before,100,1,0.09,0,,,,
cv_greedy,Qwen3-0.6B,insert_before,200,0,0.13333333333333333,0,,,,
cv_greedy,Qwen3-0.6B,insert_before,200,1,0.15666666666666668,0,,,,
cv_greedy,Qwen3-0.6B,text2sql,5,0,0.5666666666666667,0,,,,
cv_greedy,Qwen3-0.6B,text2sql,5,1,0.4633333333333333,0,,,,
cv_greedy,Qwen3-0.6B,text2sql,10,0,0.5833333333333334,0,,,,
cv_greedy,Qwen3-0.6B,text2sql,10,1,0.54,0,,,,
cv_greedy,Qwen3-0.6B,text2sql,25,0,0.5466666666666666,0,,,,
cv_greedy,Qwen3-0.6B,text2sql,25,1,0.5333333333333333,0,,,,
cv_greedy,Qwen3-0.6B,text2sql,50,0,0.6033333333333334,0,,,,
cv_greedy,Qwen3-0.6B,text2sql,50,1,0.5433333333333333,0,,,,
cv_greedy,Qwen3-0.6B,text2sql,100,0,0.59,0,,,,
cv_greedy,Qwen3-0.6B,text2sql,100,1,0.5666666666666667,0,,,,
cv_greedy,Qwen3-0.6B,text2sql,200,0,0.5533333333333333,0,,,,
cv_greedy,Qwen3-0.6B,text2sql,200,1,0.57,0,,,,
cv_greedy,Qwen3-0.6B,docstring,5,0,0.3566666666666667,0,,,,
cv_greedy,Qwen3-0.6B,docstring,5,1,0.4766666666666667,0,,,,
cv_greedy,Qwen3-0.6B,docstring,10,0,0.37,0,,,,
cv_greedy,Qwen3-0.6B,docstring,10,1,0.39666666666666667,0,,,,
cv_greedy,Qwen3-0.6B,docstring,25,0,0.41333333333333333,0,,,,
cv_greedy,Qwen3-0.6B,docstring,25,1,0.37666666666666665,0,,,,
cv_greedy,Qwen3-0.6B,docstring,50,0,0.54,0,,,,
cv_greedy,Qwen3-0.6B,docstring,50,1,0.4766666666666667,0,,,,
cv_greedy,Qwen3-0.6B,docstring,100,0,0.4266666666666667,0,,,,
cv_greedy,Qwen3-0.6B,docstring,100,1,0.4033333333333333,0,,,,
cv_greedy,Qwen3-0.6B,docstring,200,0,0.39666666666666667,0,,,,
cv_greedy,Qwen3-0.6B,docstring,200,1,0.5233333333333333,0,,,,
cv_greedy,Qwen3-0.6B,pii,5,0,0.07333333333333333,0,,,,
cv_greedy,Qwen3-0.6B,pii,5,1,0.0,0,,,,
cv_greedy,Qwen3-0.6B,pii,10,0,0.03666666666666667,0,,,,
cv_greedy,Qwen3-0.6B,pii,10,1,0.07333333333333333,0,,,,
cv_greedy,Qwen3-0.6B,pii,25,0,0.16666666666666666,0,,,,
cv_greedy,Qwen3-0.6B,pii,25,1,0.05,0,,,,
cv_greedy,Qwen3-0.6B,pii,50,0,0.23333333333333334,0,,,,
cv_greedy,Qwen3-0.6B,pii,50,1,0.25,0,,,,
cv_greedy,Qwen3-0.6B,pii,100,0,0.23333333333333334,0,,,,
cv_greedy,Qwen3-0.6B,pii,100,1,0.2,0,,,,
cv_greedy,Qwen3-0.6B,pii,200,0,0.33666666666666667,0,,,,
cv_greedy,Qwen3-0.6B,pii,200,1,0.32666666666666666,0,,,,
cv_greedy,Qwen3-1.7B,acebench_hard,5,0,0.6166666666666667,0,,,,
cv_greedy,Qwen3-1.7B,acebench_hard,5,1,0.24333333333333335,0,,,,
cv_greedy,Qwen3-1.7B,acebench_hard,10,0,0.6266666666666667,0,,,,
cv_greedy,Qwen3-1.7B,acebench_hard,10,1,0.6066666666666667,0,,,,
cv_greedy,Qwen3-1.7B,acebench_hard,25,0,0.6333333333333333,0,,,,
cv_greedy,Qwen3-1.7B,acebench_hard,25,1,0.7133333333333334,0,,,,
cv_greedy,Qwen3-1.7B,acebench_hard,50,0,0.6933333333333334,0,,,,
cv_greedy,Qwen3-1.7B,acebench_hard,50,1,0.6466666666666666,0,,,,
cv_greedy,Qwen3-1.7B,acebench_hard,100,0,0.69,0,,,,
cv_greedy,Qwen3-1.7B,acebench_hard,100,1,0.71,0,,,,
cv_greedy,Qwen3-1.7B,acebench_hard,200,0,0.7533333333333333,0,,,,
cv_greedy,Qwen3-1.7B,acebench_hard,200,1,0.7566666666666667,0,,,,
cv_greedy,Qwen3-1.7B,acebench_medium,5,0,0.9533333333333334,0,,,,
cv_greedy,Qwen3-1.7B,acebench_medium,5,1,0.97,0,,,,
cv_greedy,Qwen3-1.7B,acebench_medium,10,0,0.95,0,,,,
cv_greedy,Qwen3-1.7B,acebench_medium,10,1,0.96,0,,,,
cv_greedy,Qwen3-1.7B,acebench_medium,25,0,0.9533333333333334,0,,,,
cv_greedy,Qwen3-1.7B,acebench_medium,25,1,0.97,0,,,,
cv_greedy,Qwen3-1.7B,acebench_medium,50,0,0.9733333333333334,0,,,,
cv_greedy,Qwen3-1.7B,acebench_medium,50,1,0.93,0,,,,
cv_greedy,Qwen3-1.7B,acebench_medium,100,0,0.9866666666666667,0,,,,
cv_greedy,Qwen3-1.7B,acebench_medium,100,1,0.96,0,,,,
cv_greedy,Qwen3-1.7B,acebench_medium,200,0,0.95,0,,,,
cv_greedy,Qwen3-1.7B,acebench_medium,200,1,0.7933333333333333,0,,,,
cv_greedy,Qwen3-1.7B,smart_home,5,0,0.8633333333333333,0,,,,
cv_greedy,Qwen3-1.7B,smart_home,5,1,0.8066666666666666,0,,,,
cv_greedy,Qwen3-1.7B,smart_home,10,0,0.8966666666666666,0,,,,
cv_greedy,Qwen3-1.7B,smart_home,10,1,0.8966666666666666,0,,,,
cv_greedy,Qwen3-1.7B,smart_home,25,0,0.91,0,,,,
cv_greedy,Qwen3-1.7B,smart_home,25,1,0.89,0,,,,
cv_greedy,Qwen3-1.7B,smart_home,50,0,0.8666666666666667,0,,,,
cv_greedy,Qwen3-1.7B,smart_home,50,1,0.92,0,,,,
cv_greedy,Qwen3-1.7B,smart_home,100,0,0.9233333333333333,0,,,,
cv_greedy,Qwen3-1.7B,smart_home,100,1,0.9133333333333333,0,,,,
cv_greedy,Qwen3-1.7B,smart_home,200,0,0.9333333333333333,0,,,,
cv_greedy,Qwen3-1.7B,smart_home,200,1,0.9233333333333333,0,,,,
cv_greedy,Qwen3-1.7B,git_assistant,5,0,0.71,0,,,,
cv_greedy,Qwen3-1.7B,git_assistant,5,1,0.5766666666666667,0,,,,
cv_greedy,Qwen3-1.7B,git_assistant,10,0,0.74,0,,,,
cv_greedy,Qwen3-1.7B,git_assistant,10,1,0.6266666666666667,0,,,,
cv_greedy,Qwen3-1.7B,git_assistant,25,0,0.4666666666666667,0,,,,
cv_greedy,Qwen3-1.7B,git_assistant,25,1,0.6566666666666666,0,,,,
cv_greedy,Qwen3-1.7B,git_assistant,50,0,0.5666666666666667,0,,,,
cv_greedy,Qwen3-1.7B,git_assistant,50,1,0.5333333333333333,0,,,,
cv_greedy,Qwen3-1.7B,git_assistant,100,0,0.5266666666666666,0,,,,
cv_greedy,Qwen3-1.7B,git_assistant,100,1,0.4533333333333333,0,,,,
cv_greedy,Qwen3-1.7B,git_assistant,200,0,0.6933333333333334,0,,,,
cv_greedy,Qwen3-1.7B,git_assistant,200,1,0.5566666666666666,0,,,,
cv_greedy,Qwen3-1.7B,trec,5,0,0.5433333333333333,0,,,,
cv_greedy,Qwen3-1.7B,trec,5,1,0.5566666666666666,0,,,,
cv_greedy,Qwen3-1.7B,trec,10,0,0.5533333333333333,0,,,,
cv_greedy,Qwen3-1.7B,trec,10,1,0.5966666666666667,0,,,,
cv_greedy,Qwen3-1.7B,trec,25,0,0.5066666666666667,0,,,,
cv_greedy,Qwen3-1.7B,trec,25,1,0.5833333333333334,0,,,,
cv_greedy,Qwen3-1.7B,trec,50,0,0.6166666666666667,0,,,,
cv_greedy,Qwen3-1.7B,trec,50,1,0.58,0,,,,
cv_greedy,Qwen3-1.7B,trec,100,0,0.6266666666666667,0,,,,
cv_greedy,Qwen3-1.7B,trec,100,1,0.6533333333333333,0,,,,
cv_greedy,Qwen3-1.7B,trec,200,0,0.6166666666666667,0,,,,
cv_greedy,Qwen3-1.7B,trec,200,1,0.6533333333333333,0,,,,
cv_greedy,Qwen3-1.7B,ecommerce,5,0,0.7066666666666667,0,,,,
cv_greedy,Qwen3-1.7B,ecommerce,5,1,0.5233333333333333,0,,,,
cv_greedy,Qwen3-1.7B,ecommerce,10,0,0.6166666666666667,0,,,,
cv_greedy,Qwen3-1.7B,ecommerce,10,1,0.64,0,,,,
cv_greedy,Qwen3-1.7B,ecommerce,25,0,0.6033333333333334,0,,,,
cv_greedy,Qwen3-1.7B,ecommerce,25,1,0.36,0,,,,
cv_greedy,Qwen3-1.7B,ecommerce,50,0,0.5866666666666667,0,,,,
cv_greedy,Qwen3-1.7B,ecommerce,50,1,0.68,0,,,,
cv_greedy,Qwen3-1.7B,ecommerce,100,0,0.38666666666666666,0,,,,
cv_greedy,Qwen3-1.7B,ecommerce,100,1,0.6866666666666666,0,,,,
cv_greedy,Qwen3-1.7B,ecommerce,200,0,0.74,0,,,,
cv_greedy,Qwen3-1.7B,ecommerce,200,1,0.3333333333333333,0,,,,
cv_greedy,Qwen3-1.7B,injury,5,0,0.47,0,,,,
cv_greedy,Qwen3-1.7B,injury,5,1,0.5166666666666667,0,,,,
cv_greedy,Qwen3-1.7B,injury,10,0,0.31333333333333335,0,,,,
cv_greedy,Qwen3-1.7B,injury,10,1,0.5866666666666667,0,,,,
cv_greedy,Qwen3-1.7B,injury,25,0,0.5266666666666666,0,,,,
cv_greedy,Qwen3-1.7B,injury,25,1,0.5166666666666667,0,,,,
cv_greedy,Qwen3-1.7B,injury,50,0,0.5433333333333333,0,,,,
cv_greedy,Qwen3-1.7B,injury,50,1,0.24666666666666667,0,,,,
cv_greedy,Qwen3-1.7B,injury,100,0,0.35333333333333333,0,,,,
cv_greedy,Qwen3-1.7B,injury,100,1,0.41,0,,,,
cv_greedy,Qwen3-1.7B,injury,200,0,0.5933333333333334,0,,,,
cv_greedy,Qwen3-1.7B,injury,200,1,0.39666666666666667,0,,,,
cv_greedy,Qwen3-1.7B,currency,5,0,0.96,0,,,,
cv_greedy,Qwen3-1.7B,currency,5,1,0.87,0,,,,
cv_greedy,Qwen3-1.7B,currency,10,0,0.9066666666666666,0,,,,
cv_greedy,Qwen3-1.7B,currency,10,1,0.9166666666666666,0,,,,
cv_greedy,Qwen3-1.7B,currency,25,0,0.9333333333333333,0,,,,
cv_greedy,Qwen3-1.7B,currency,25,1,0.96,0,,,,
cv_greedy,Qwen3-1.7B,currency,50,0,0.8966666666666666,0,,,,
cv_greedy,Qwen3-1.7B,currency,50,1,0.91,0,,,,
cv_greedy,Qwen3-1.7B,currency,100,0,0.8233333333333334,0,,,,
cv_greedy,Qwen3-1.7B,currency,100,1,0.9166666666666666,0,,,,
cv_greedy,Qwen3-1.7B,currency,200,0,0.91,0,,,,
cv_greedy,Qwen3-1.7B,currency,200,1,0.9033333333333333,0,,,,
cv_greedy,Qwen3-1.7B,dates,5,0,0.65,0,,,,
cv_greedy,Qwen3-1.7B,dates,5,1,0.8066666666666666,0,,,,
cv_greedy,Qwen3-1.7B,dates,10,0,0.83,0,,,,
cv_greedy,Qwen3-1.7B,dates,10,1,0.7733333333333333,0,,,,
cv_greedy,Qwen3-1.7B,dates,25,0,0.8666666666666667,0,,,,
cv_greedy,Qwen3-1.7B,dates,25,1,0.8233333333333334,0,,,,
cv_greedy,Qwen3-1.7B,dates,50,0,0.76,0,,,,
cv_greedy,Qwen3-1.7B,dates,50,1,0.88,0,,,,
cv_greedy,Qwen3-1.7B,dates,100,0,0.7133333333333334,0,,,,
cv_greedy,Qwen3-1.7B,dates,100,1,0.4266666666666667,0,,,,
cv_greedy,Qwen3-1.7B,dates,200,0,0.58,0,,,,
cv_greedy,Qwen3-1.7B,dates,200,1,0.9233333333333333,0,,,,
cv_greedy,Qwen3-1.7B,emoji,5,0,0.9566666666666667,0,,,,
cv_greedy,Qwen3-1.7B,emoji,5,1,0.7966666666666666,0,,,,
cv_greedy,Qwen3-1.7B,emoji,10,0,0.97,0,,,,
cv_greedy,Qwen3-1.7B,emoji,10,1,0.81,0,,,,
cv_greedy,Qwen3-1.7B,emoji,25,0,0.9633333333333334,0,,,,
cv_greedy,Qwen3-1.7B,emoji,25,1,0.9333333333333333,0,,,,
cv_greedy,Qwen3-1.7B,emoji,50,0,0.8733333333333333,0,,,,
cv_greedy,Qwen3-1.7B,emoji,50,1,0.9766666666666667,0,,,,
cv_greedy,Qwen3-1.7B,emoji,100,0,0.9833333333333333,0,,,,
cv_greedy,Qwen3-1.7B,emoji,100,1,0.9733333333333334,0,,,,
cv_greedy,Qwen3-1.7B,emoji,200,0,0.98,0,,,,
cv_greedy,Qwen3-1.7B,emoji,200,1,0.9666666666666667,0,,,,
cv_greedy,Qwen3-1.7B,emoji_list,5,0,0.6333333333333333,0,,,,
cv_greedy,Qwen3-1.7B,emoji_list,5,1,0.8366666666666667,0,,,,
cv_greedy,Qwen3-1.7B,emoji_list,10,0,0.9333333333333333,0,,,,
cv_greedy,Qwen3-1.7B,emoji_list,10,1,0.8666666666666667,0,,,,
cv_greedy,Qwen3-1.7B,emoji_list,25,0,0.9433333333333334,0,,,,
cv_greedy,Qwen3-1.7B,emoji_list,25,1,0.9366666666666666,0,,,,
cv_greedy,Qwen3-1.7B,emoji_list,50,0,0.9166666666666666,0,,,,
cv_greedy,Qwen3-1.7B,emoji_list,50,1,0.9033333333333333,0,,,,
cv_greedy,Qwen3-1.7B,emoji_list,100,0,0.9433333333333334,0,,,,
cv_greedy,Qwen3-1.7B,emoji_list,100,1,0.9233333333333333,0,,,,
cv_greedy,Qwen3-1.7B,emoji_list,200,0,0.96,0,,,,
cv_greedy,Qwen3-1.7B,emoji_list,200,1,0.94,0,,,,
cv_greedy,Qwen3-1.7B,replace,5,0,0.5733333333333334,0,,,,
cv_greedy,Qwen3-1.7B,replace,5,1,0.6166666666666667,0,,,,
cv_greedy,Qwen3-1.7B,replace,10,0,0.57,0,,,,
cv_greedy,Qwen3-1.7B,replace,10,1,0.62,0,,,,
cv_greedy,Qwen3-1.7B,replace,25,0,0.65,0,,,,
cv_greedy,Qwen3-1.7B,replace,25,1,0.6466666666666666,0,,,,
cv_greedy,Qwen3-1.7B,replace,50,0,0.5533333333333333,0,,,,
cv_greedy,Qwen3-1.7B,replace,50,1,0.54,0,,,,
cv_greedy,Qwen3-1.7B,replace,100,0,0.5933333333333334,0,,,,
cv_greedy,Qwen3-1.7B,replace,100,1,0.52,0,,,,
cv_greedy,Qwen3-1.7B,replace,200,0,0.56,0,,,,
cv_greedy,Qwen3-1.7B,replace,200,1,0.6033333333333334,0,,,,
cv_greedy,Qwen3-1.7B,delete,5,0,0.06333333333333334,0,,,,
cv_greedy,Qwen3-1.7B,delete,5,1,0.06333333333333334,0,,,,
cv_greedy,Qwen3-1.7B,delete,10,0,0.06,0,,,,
cv_greedy,Qwen3-1.7B,delete,10,1,0.12,0,,,,
cv_greedy,Qwen3-1.7B,delete,25,0,0.41,0,,,,
cv_greedy,Qwen3-1.7B,delete,25,1,0.4033333333333333,0,,,,
cv_greedy,Qwen3-1.7B,delete,50,0,0.38666666666666666,0,,,,
cv_greedy,Qwen3-1.7B,delete,50,1,0.42333333333333334,0,,,,
cv_greedy,Qwen3-1.7B,delete,100,0,0.5366666666666666,0,,,,
cv_greedy,Qwen3-1.7B,delete,100,1,0.45666666666666667,0,,,,
cv_greedy,Qwen3-1.7B,delete,200,0,0.5566666666666666,0,,,,
cv_greedy,Qwen3-1.7B,delete,200,1,0.5633333333333334,0,,,,
cv_greedy,Qwen3-1.7B,insert_before,5,0,0.27666666666666667,0,,,,
cv_greedy,Qwen3-1.7B,insert_before,5,1,0.18333333333333332,0,,,,
cv_greedy,Qwen3-1.7B,insert_before,10,0,0.30333333333333334,0,,,,
cv_greedy,Qwen3-1.7B,insert_before,10,1,0.22333333333333333,0,,,,
cv_greedy,Qwen3-1.7B,insert_before,25,0,0.32,0,,,,
cv_greedy,Qwen3-1.7B,insert_before,25,1,0.2633333333333333,0,,,,
cv_greedy,Qwen3-1.7B,insert_before,50,0,0.24,0,,,,
cv_greedy,Qwen3-1.7B,insert_before,50,1,0.25666666666666665,0,,,,
cv_greedy,Qwen3-1.7B,insert_before,100,0,0.27666666666666667,0,,,,
cv_greedy,Qwen3-1.7B,insert_before,100,1,0.23,0,,,,
cv_greedy,Qwen3-1.7B,insert_before,200,0,0.2833333333333333,0,,,,
cv_greedy,Qwen3-1.7B,insert_before,200,1,0.2733333333333333,0,,,,
cv_greedy,Qwen3-1.7B,text2sql,5,0,0.77,0,,,,
cv_greedy,Qwen3-1.7B,text2sql,5,1,0.7766666666666666,0,,,,
cv_greedy,Qwen3-1.7B,text2sql,10,0,0.7766666666666666,0,,,,
cv_greedy,Qwen3-1.7B,text2sql,10,1,0.7766666666666666,0,,,,
cv_greedy,Qwen3-1.7B,text2sql,25,0,0.7733333333333333,0,,,,
cv_greedy,Qwen3-1.7B,text2sql,25,1,0.7366666666666667,0,,,,
cv_greedy,Qwen3-1.7B,text2sql,50,0,0.7333333333333333,0,,,,
cv_greedy,Qwen3-1.7B,text2sql,50,1,0.7433333333333333,0,,,,
cv_greedy,Qwen3-1.7B,text2sql,100,0,0.7866666666666666,0,,,,
cv_greedy,Qwen3-1.7B,text2sql,100,1,0.78,0,,,,
cv_greedy,Qwen3-1.7B,text2sql,200,0,0.75,0,,,,
cv_greedy,Qwen3-1.7B,text2sql,200,1,0.7566666666666667,0,,,,
cv_greedy,Qwen3-1.7B,docstring,5,0,0.8266666666666667,0,,,,
cv_greedy,Qwen3-1.7B,docstring,5,1,0.8466666666666667,0,,,,
cv_greedy,Qwen3-1.7B,docstring,10,0,0.8366666666666667,0,,,,
cv_greedy,Qwen3-1.7B,docstring,10,1,0.7766666666666666,0,,,,
cv_greedy,Qwen3-1.7B,docstring,25,0,0.73,0,,,,
cv_greedy,Qwen3-1.7B,docstring,25,1,0.6533333333333333,0,,,,
cv_greedy,Qwen3-1.7B,docstring,50,0,0.7666666666666667,0,,,,
cv_greedy,Qwen3-1.7B,docstring,50,1,0.8166666666666667,0,,,,
cv_greedy,Qwen3-1.7B,docstring,100,0,0.7766666666666666,0,,,,
cv_greedy,Qwen3-1.7B,docstring,100,1,0.8,0,,,,
cv_greedy,Qwen3-1.7B,docstring,200,0,0.7666666666666667,0,,,,
cv_greedy,Qwen3-1.7B,docstring,200,1,0.6766666666666666,0,,,,
cv_greedy,Qwen3-1.7B,pii,5,0,0.4,0,,,,
cv_greedy,Qwen3-1.7B,pii,5,1,0.22666666666666666,0,,,,
cv_greedy,Qwen3-1.7B,pii,10,0,0.38,0,,,,
cv_greedy,Qwen3-1.7B,pii,10,1,0.33,0,,,,
cv_greedy,Qwen3-1.7B,pii,25,0,0.36333333333333334,0,,,,
cv_greedy,Qwen3-1.7B,pii,25,1,0.44333333333333336,0,,,,
cv_greedy,Qwen3-1.7B,pii,50,0,0.43666666666666665,0,,,,
cv_greedy,Qwen3-1.7B,pii,50,1,0.45666666666666667,0,,,,
cv_greedy,Qwen3-1.7B,pii,100,0,0.51,0,,,,
cv_greedy,Qwen3-1.7B,pii,100,1,0.5033333333333333,0,,,,
cv_greedy,Qwen3-1.7B,pii,200,0,0.54,0,,,,
cv_greedy,Qwen3-1.7B,pii,200,1,0.3933333333333333,0,,,,
cv_greedy,Qwen3-4B-Instruct-2507,acebench_hard,5,0,0.74,0,,,,
cv_greedy,Qwen3-4B-Instruct-2507,acebench_hard,5,1,0.7433333333333333,0,,,,
cv_greedy,Qwen3-4B-Instruct-2507,acebench_hard,10,0,0.7433333333333333,0,,,,
cv_greedy,Qwen3-4B-Instruct-2507,acebench_hard,10,1,0.7533333333333333,0,,,,
cv_greedy,Qwen3-4B-Instruct-2507,acebench_hard,25,0,0.74,0,,,,
cv_greedy,Qwen3-4B-Instruct-2507,acebench_hard,25,1,0.7066666666666667,0,,,,
cv_greedy,Qwen3-4B-Instruct-2507,acebench_hard,50,0,0.81,0,,,,
cv_greedy,Qwen3-4B-Instruct-2507,acebench_hard,50,1,0.8366666666666667,0,,,,
cv_greedy,Qwen3-4B-Instruct-2507,acebench_hard,100,0,0.7833333333333333,0,,,,
cv_greedy,Qwen3-4B-Instruct-2507,acebench_hard,100,1,0.83,0,,,,
cv_greedy,Qwen3-4B-Instruct-2507,acebench_hard,200,0,0.8266666666666667,0,,,,
cv_greedy,Qwen3-4B-Instruct-2507,acebench_hard,200,1,0.8766666666666667,0,,,,
cv_greedy,Qwen3-4B-Instruct-2507,acebench_medium,5,0,0.9566666666666667,0,,,,
cv_greedy,Qwen3-4B-Instruct-2507,acebench_medium,5,1,0.9566666666666667,0,,,,
cv_greedy,Qwen3-4B-Instruct-2507,acebench_medium,10,0,0.99,0,,,,
cv_greedy,Qwen3-4B-Instruct-2507,acebench_medium,10,1,0.9566666666666667,0,,,,
cv_greedy,Qwen3-4B-Instruct-2507,acebench_medium,25,0,0.99,0,,,,
cv_greedy,Qwen3-4B-Instruct-2507,acebench_medium,25,1,1.0,0,,,,
cv_greedy,Qwen3-4B-Instruct-2507,acebench_medium,50,0,0.9966666666666667,0,,,,
cv_greedy,Qwen3-4B-Instruct-2507,acebench_medium,50,1,0.9966666666666667,0,,,,
cv_greedy,Qwen3-4B-Instruct-2507,acebench_medium,100,0,1.0,0,,,,
cv_greedy,Qwen3-4B-Instruct-2507,acebench_medium,100,1,1.0,0,,,,
cv_greedy,Qwen3-4B-Instruct-2507,acebench_medium,200,0,1.0,0,,,,
cv_greedy,Qwen3-4B-Instruct-2507,acebench_medium,200,1,1.0,0,,,,
cv_greedy,Qwen3-4B-Instruct-2507,smart_home,5,0,0.9433333333333334,0,,,,
cv_greedy,Qwen3-4B-Instruct-2507,smart_home,5,1,0.9433333333333334,0,,,,
cv_greedy,Qwen3-4B-Instruct-2507,smart_home,10,0,0.9466666666666667,0,,,,
cv_greedy,Qwen3-4B-Instruct-2507,smart_home,10,1,0.9466666666666667,0,,,,
cv_greedy,Qwen3-4B-Instruct-2507,smart_home,25,0,0.9433333333333334,0,,,,
cv_greedy,Qwen3-4B-Instruct-2507,smart_home,25,1,0.9433333333333334,0,,,,
cv_greedy,Qwen3-4B-Instruct-2507,smart_home,50,0,0.9466666666666667,0,,,,
cv_greedy,Qwen3-4B-Instruct-2507,smart_home,50,1,0.9433333333333334,0,,,,
cv_greedy,Qwen3-4B-Instruct-2507,smart_home,100,0,0.96,0,,,,
cv_greedy,Qwen3-4B-Instruct-2507,smart_home,100,1,0.9466666666666667,0,,,,
cv_greedy,Qwen3-4B-Instruct-2507,smart_home,200,0,0.9433333333333334,0,,,,
cv_greedy,Qwen3-4B-Instruct-2507,smart_home,200,1,0.9566666666666667,0,,,,
cv_greedy,Qwen3-4B-Instruct-2507,git_assistant,5,0,0.8833333333333333,0,,,,
cv_greedy,Qwen3-4B-Instruct-2507,git_assistant,5,1,0.8933333333333333,0,,,,
cv_greedy,Qwen3-4B-Instruct-2507,git_assistant,10,0,0.92,0,,,,
cv_greedy,Qwen3-4B-Instruct-2507,git_assistant,10,1,0.8566666666666667,0,,,,
cv_greedy,Qwen3-4B-Instruct-2507,git_assistant,25,0,0.9,0,,,,
cv_greedy,Qwen3-4B-Instruct-2507,git_assistant,25,1,0.89,0,,,,
cv_greedy,Qwen3-4B-Instruct-2507,git_assistant,50,0,0.8733333333333333,0,,,,
cv_greedy,Qwen3-4B-Instruct-2507,git_assistant,50,1,0.9333333333333333,0,,,,
cv_greedy,Qwen3-4B-Instruct-2507,git_assistant,100,0,0.9333333333333333,0,,,,
cv_greedy,Qwen3-4B-Instruct-2507,git_assistant,100,1,0.92,0,,,,
cv_greedy,Qwen3-4B-Instruct-2507,git_assistant,200,0,0.8966666666666666,0,,,,
cv_greedy,Qwen3-4B-Instruct-2507,git_assistant,200,1,0.93,0,,,,
cv_greedy,Qwen3-4B-Instruct-2507,trec,5,0,0.6933333333333334,0,,,,
cv_greedy,Qwen3-4B-Instruct-2507,trec,5,1,0.6966666666666667,0,,,,
cv_greedy,Qwen3-4B-Instruct-2507,trec,10,0,0.6933333333333334,0,,,,
cv_greedy,Qwen3-4B-Instruct-2507,trec,10,1,0.6966666666666667,0,,,,
cv_greedy,Qwen3-4B-Instruct-2507,trec,25,0,0.72,0,,,,
cv_greedy,Qwen3-4B-Instruct-2507,trec,25,1,0.65,0,,,,
cv_greedy,Qwen3-4B-Instruct-2507,trec,50,0,0.7033333333333334,0,,,,
cv_greedy,Qwen3-4B-Instruct-2507,trec,50,1,0.7233333333333334,0,,,,
cv_greedy,Qwen3-4B-Instruct-2507,trec,100,0,0.73,0,,,,
cv_greedy,Qwen3-4B-Instruct-2507,trec,100,1,0.7233333333333334,0,,,,
cv_greedy,Qwen3-4B-Instruct-2507,trec,200,0,0.8066666666666666,0,,,,
cv_greedy,Qwen3-4B-Instruct-2507,trec,200,1,0.8033333333333333,0,,,,
cv_greedy,Qwen3-4B-Instruct-2507,ecommerce,5,0,0.87,0,,,,
cv_greedy,Qwen3-4B-Instruct-2507,ecommerce,5,1,0.87,0,,,,
cv_greedy,Qwen3-4B-Instruct-2507,ecommerce,10,0,0.87,0,,,,
cv_greedy,Qwen3-4B-Instruct-2507,ecommerce,10,1,0.87,0,,,,
cv_greedy,Qwen3-4B-Instruct-2507,ecommerce,25,0,0.8733333333333333,0,,,,
cv_greedy,Qwen3-4B-Instruct-2507,ecommerce,25,1,0.8766666666666667,0,,,,
cv_greedy,Qwen3-4B-Instruct-2507,ecommerce,50,0,0.9033333333333333,0,,,,
cv_greedy,Qwen3-4B-Instruct-2507,ecommerce,50,1,0.8966666666666666,0,,,,
cv_greedy,Qwen3-4B-Instruct-2507,ecommerce,100,0,0.89,0,,,,
cv_greedy,Qwen3-4B-Instruct-2507,ecommerce,100,1,0.8766666666666667,0,,,,
cv_greedy,Qwen3-4B-Instruct-2507,ecommerce,200,0,0.8733333333333333,0,,,,
cv_greedy,Qwen3-4B-Instruct-2507,ecommerce,200,1,0.91,0,,,,
cv_greedy,Qwen3-4B-Instruct-2507,injury,5,0,0.5966666666666667,0,,,,
cv_greedy,Qwen3-4B-Instruct-2507,injury,5,1,0.61,0,,,,
cv_greedy,Qwen3-4B-Instruct-2507,injury,10,0,0.6433333333333333,0,,,,
cv_greedy,Qwen3-4B-Instruct-2507,injury,10,1,0.77,0,,,,
cv_greedy,Qwen3-4B-Instruct-2507,injury,25,0,0.7533333333333333,0,,,,
cv_greedy,Qwen3-4B-Instruct-2507,injury,25,1,0.7033333333333334,0,,,,
cv_greedy,Qwen3-4B-Instruct-2507,injury,50,0,0.6733333333333333,0,,,,
cv_greedy,Qwen3-4B-Instruct-2507,injury,50,1,0.7,0,,,,
cv_greedy,Qwen3-4B-Instruct-2507,injury,100,0,0.79,0,,,,
cv_greedy,Qwen3-4B-Instruct-2507,injury,100,1,0.78,0,,,,
cv_greedy,Qwen3-4B-Instruct-2507,injury,200,0,0.78,0,,,,
cv_greedy,Qwen3-4B-Instruct-2507,injury,200,1,0.7833333333333333,0,,,,
cv_greedy,Qwen3-4B-Instruct-2507,currency,5,0,0.9966666666666667,0,,,,
cv_greedy,Qwen3-4B-Instruct-2507,currency,5,1,0.9933333333333333,0,,,,
cv_greedy,Qwen3-4B-Instruct-2507,currency,10,0,0.9866666666666667,0,,,,
cv_greedy,Qwen3-4B-Instruct-2507,currency,10,1,0.9933333333333333,0,,,,
cv_greedy,Qwen3-4B-Instruct-2507,currency,25,0,0.9933333333333333,0,,,,
cv_greedy,Qwen3-4B-Instruct-2507,currency,25,1,1.0,0,,,,
cv_greedy,Qwen3-4B-Instruct-2507,currency,50,0,0.99,0,,,,
cv_greedy,Qwen3-4B-Instruct-2507,currency,50,1,1.0,0,,,,
cv_greedy,Qwen3-4B-Instruct-2507,currency,100,0,0.9966666666666667,0,,,,
cv_greedy,Qwen3-4B-Instruct-2507,currency,100,1,0.9966666666666667,0,,,,
cv_greedy,Qwen3-4B-Instruct-2507,currency,200,0,0.9933333333333333,0,,,,
cv_greedy,Qwen3-4B-Instruct-2507,currency,200,1,0.9933333333333333,0,,,,
cv_greedy,Qwen3-4B-Instruct-2507,dates,5,0,0.87,0,,,,
cv_greedy,Qwen3-4B-Instruct-2507,dates,5,1,0.99,0,,,,
cv_greedy,Qwen3-4B-Instruct-2507,dates,10,0,0.87,0,,,,
cv_greedy,Qwen3-4B-Instruct-2507,dates,10,1,0.9766666666666667,0,,,,
cv_greedy,Qwen3-4B-Instruct-2507,dates,25,0,0.87,0,,,,
cv_greedy,Qwen3-4B-Instruct-2507,dates,25,1,0.99,0,,,,
cv_greedy,Qwen3-4B-Instruct-2507,dates,50,0,0.9666666666666667,0,,,,
cv_greedy,Qwen3-4B-Instruct-2507,dates,50,1,0.9866666666666667,0,,,,
cv_greedy,Qwen3-4B-Instruct-2507,dates,100,0,0.99,0,,,,
cv_greedy,Qwen3-4B-Instruct-2507,dates,100,1,0.9866666666666667,0,,,,
cv_greedy,Qwen3-4B-Instruct-2507,dates,200,0,0.9866666666666667,0,,,,
cv_greedy,Qwen3-4B-Instruct-2507,dates,200,1,0.9966666666666667,0,,,,
cv_greedy,Qwen3-4B-Instruct-2507,emoji,5,0,0.9933333333333333,0,,,,
cv_greedy,Qwen3-4B-Instruct-2507,emoji,5,1,0.9933333333333333,0,,,,
cv_greedy,Qwen3-4B-Instruct-2507,emoji,10,0,0.9933333333333333,0,,,,
cv_greedy,Qwen3-4B-Instruct-2507,emoji,10,1,0.9933333333333333,0,,,,
cv_greedy,Qwen3-4B-Instruct-2507,emoji,25,0,0.9933333333333333,0,,,,
cv_greedy,Qwen3-4B-Instruct-2507,emoji,25,1,0.99,0,,,,
cv_greedy,Qwen3-4B-Instruct-2507,emoji,50,0,0.9833333333333333,0,,,,
cv_greedy,Qwen3-4B-Instruct-2507,emoji,50,1,0.99,0,,,,
cv_greedy,Qwen3-4B-Instruct-2507,emoji,100,0,0.9933333333333333,0,,,,
cv_greedy,Qwen3-4B-Instruct-2507,emoji,100,1,0.9866666666666667,0,,,,
cv_greedy,Qwen3-4B-Instruct-2507,emoji,200,0,0.99,0,,,,
cv_greedy,Qwen3-4B-Instruct-2507,emoji,200,1,0.9933333333333333,0,,,,
cv_greedy,Qwen3-4B-Instruct-2507,emoji_list,5,0,0.99,0,,,,
cv_greedy,Qwen3-4B-Instruct-2507,emoji_list,5,1,0.9933333333333333,0,,,,
cv_greedy,Qwen3-4B-Instruct-2507,emoji_list,10,0,0.9966666666666667,0,,,,
cv_greedy,Qwen3-4B-Instruct-2507,emoji_list,10,1,0.9966666666666667,0,,,,
cv_greedy,Qwen3-4B-Instruct-2507,emoji_list,25,0,0.9866666666666667,0,,,,
cv_greedy,Qwen3-4B-Instruct-2507,emoji_list,25,1,1.0,0,,,,
cv_greedy,Qwen3-4B-Instruct-2507,emoji_list,50,0,0.9533333333333334,0,,,,
cv_greedy,Qwen3-4B-Instruct-2507,emoji_list,50,1,0.99,0,,,,
cv_greedy,Qwen3-4B-Instruct-2507,emoji_list,100,0,0.9933333333333333,0,,,,
cv_greedy,Qwen3-4B-Instruct-2507,emoji_list,100,1,1.0,0,,,,
cv_greedy,Qwen3-4B-Instruct-2507,emoji_list,200,0,0.9966666666666667,0,,,,
cv_greedy,Qwen3-4B-Instruct-2507,emoji_list,200,1,0.99,0,,,,
cv_greedy,Qwen3-4B-Instruct-2507,replace,5,0,0.6766666666666666,0,,,,
cv_greedy,Qwen3-4B-Instruct-2507,replace,5,1,0.68,0,,,,
cv_greedy,Qwen3-4B-Instruct-2507,replace,10,0,0.6733333333333333,0,,,,
cv_greedy,Qwen3-4B-Instruct-2507,replace,10,1,0.7533333333333333,0,,,,
cv_greedy,Qwen3-4B-Instruct-2507,replace,25,0,0.7833333333333333,0,,,,
cv_greedy,Qwen3-4B-Instruct-2507,replace,25,1,0.7766666666666666,0,,,,
cv_greedy,Qwen3-4B-Instruct-2507,replace,50,0,0.8033333333333333,0,,,,
cv_greedy,Qwen3-4B-Instruct-2507,replace,50,1,0.8066666666666666,0,,,,
cv_greedy,Qwen3-4B-Instruct-2507,replace,100,0,0.8,0,,,,
cv_greedy,Qwen3-4B-Instruct-2507,replace,100,1,0.76,0,,,,
cv_greedy,Qwen3-4B-Instruct-2507,replace,200,0,0.7333333333333333,0,,,,
cv_greedy,Qwen3-4B-Instruct-2507,replace,200,1,0.78,0,,,,
cv_greedy,Qwen3-4B-Instruct-2507,delete,5,0,0.4666666666666667,0,,,,
cv_greedy,Qwen3-4B-Instruct-2507,delete,5,1,0.6466666666666666,0,,,,
cv_greedy,Qwen3-4B-Instruct-2507,delete,10,0,0.59,0,,,,
cv_greedy,Qwen3-4B-Instruct-2507,delete,10,1,0.5833333333333334,0,,,,
cv_greedy,Qwen3-4B-Instruct-2507,delete,25,0,0.71,0,,,,
cv_greedy,Qwen3-4B-Instruct-2507,delete,25,1,0.7466666666666667,0,,,,
cv_greedy,Qwen3-4B-Instruct-2507,delete,50,0,0.7466666666666667,0,,,,
cv_greedy,Qwen3-4B-Instruct-2507,delete,50,1,0.74,0,,,,
cv_greedy,Qwen3-4B-Instruct-2507,delete,100,0,0.7666666666666667,0,,,,
cv_greedy,Qwen3-4B-Instruct-2507,delete,100,1,0.77,0,,,,
cv_greedy,Qwen3-4B-Instruct-2507,delete,200,0,0.7766666666666666,0,,,,
cv_greedy,Qwen3-4B-Instruct-2507,delete,200,1,0.7833333333333333,0,,,,
cv_greedy,Qwen3-4B-Instruct-2507,insert_before,5,0,0.45,0,,,,
cv_greedy,Qwen3-4B-Instruct-2507,insert_before,5,1,0.4866666666666667,0,,,,
cv_greedy,Qwen3-4B-Instruct-2507,insert_before,10,0,0.43333333333333335,0,,,,
cv_greedy,Qwen3-4B-Instruct-2507,insert_before,10,1,0.4533333333333333,0,,,,
cv_greedy,Qwen3-4B-Instruct-2507,insert_before,25,0,0.49,0,,,,
cv_greedy,Qwen3-4B-Instruct-2507,insert_before,25,1,0.47,0,,,,
cv_greedy,Qwen3-4B-Instruct-2507,insert_before,50,0,0.4533333333333333,0,,,,
cv_greedy,Qwen3-4B-Instruct-2507,insert_before,50,1,0.5233333333333333,0,,,,
cv_greedy,Qwen3-4B-Instruct-2507,insert_before,100,0,0.5733333333333334,0,,,,
cv_greedy,Qwen3-4B-Instruct-2507,insert_before,100,1,0.5466666666666666,0,,,,
cv_greedy,Qwen3-4B-Instruct-2507,insert_before,200,0,0.6133333333333333,0,,,,
cv_greedy,Qwen3-4B-Instruct-2507,insert_before,200,1,0.5333333333333333,0,,,,
cv_greedy,Qwen3-4B-Instruct-2507,text2sql,5,0,0.89,0,,,,
cv_greedy,Qwen3-4B-Instruct-2507,text2sql,5,1,0.8766666666666667,0,,,,
cv_greedy,Qwen3-4B-Instruct-2507,text2sql,10,0,0.8933333333333333,0,,,,
cv_greedy,Qwen3-4B-Instruct-2507,text2sql,10,1,0.8933333333333333,0,,,,
cv_greedy,Qwen3-4B-Instruct-2507,text2sql,25,0,0.8666666666666667,0,,,,
cv_greedy,Qwen3-4B-Instruct-2507,text2sql,25,1,0.89,0,,,,
cv_greedy,Qwen3-4B-Instruct-2507,text2sql,50,0,0.8866666666666667,0,,,,
cv_greedy,Qwen3-4B-Instruct-2507,text2sql,50,1,0.88,0,,,,
cv_greedy,Qwen3-4B-Instruct-2507,text2sql,100,0,0.86,0,,,,
cv_greedy,Qwen3-4B-Instruct-2507,text2sql,100,1,0.8866666666666667,0,,,,
cv_greedy,Qwen3-4B-Instruct-2507,text2sql,200,0,0.89,0,,,,
cv_greedy,Qwen3-4B-Instruct-2507,text2sql,200,1,0.89,0,,,,
cv_greedy,Qwen3-4B-Instruct-2507,docstring,5,0,0.88,0,,,,
cv_greedy,Qwen3-4B-Instruct-2507,docstring,5,1,0.8233333333333334,0,,,,
cv_greedy,Qwen3-4B-Instruct-2507,docstring,10,0,0.8866666666666667,0,,,,
cv_greedy,Qwen3-4B-Instruct-2507,docstring,10,1,0.8233333333333334,0,,,,
cv_greedy,Qwen3-4B-Instruct-2507,docstring,25,0,0.8766666666666667,0,,,,
cv_greedy,Qwen3-4B-Instruct-2507,docstring,25,1,0.8933333333333333,0,,,,
cv_greedy,Qwen3-4B-Instruct-2507,docstring,50,0,0.91,0,,,,
cv_greedy,Qwen3-4B-Instruct-2507,docstring,50,1,0.9,0,,,,
cv_greedy,Qwen3-4B-Instruct-2507,docstring,100,0,0.8966666666666666,0,,,,
cv_greedy,Qwen3-4B-Instruct-2507,docstring,100,1,0.89,0,,,,
cv_greedy,Qwen3-4B-Instruct-2507,docstring,200,0,0.9066666666666666,0,,,,
cv_greedy,Qwen3-4B-Instruct-2507,docstring,200,1,0.91,0,,,,
cv_greedy,Qwen3-4B-Instruct-2507,pii,5,0,0.5866666666666667,0,,,,
cv_greedy,Qwen3-4B-Instruct-2507,pii,5,1,0.6833333333333333,0,,,,
cv_greedy,Qwen3-4B-Instruct-2507,pii,10,0,0.7166666666666667,0,,,,
cv_greedy,Qwen3-4B-Instruct-2507,pii,10,1,0.73,0,,,,
cv_greedy,Qwen3-4B-Instruct-2507,pii,25,0,0.7366666666666667,0,,,,
cv_greedy,Qwen3-4B-Instruct-2507,pii,25,1,0.7233333333333334,0,,,,
cv_greedy,Qwen3-4B-Instruct-2507,pii,50,0,0.7733333333333333,0,,,,
cv_greedy,Qwen3-4B-Instruct-2507,pii,50,1,0.7466666666666667,0,,,,
cv_greedy,Qwen3-4B-Instruct-2507,pii,100,0,0.75,0,,,,
cv_greedy,Qwen3-4B-Instruct-2507,pii,100,1,0.77,0,,,,
cv_greedy,Qwen3-4B-Instruct-2507,pii,200,0,0.7966666666666666,0,,,,
cv_greedy,Qwen3-4B-Instruct-2507,pii,200,1,0.78,0,,,,
lora,Qwen3-0.6B,acebench_hard,5,0,0.2066666666666666,,0.0001,2,2,3
lora,Qwen3-0.6B,acebench_hard,5,1,0.39,,0.0003,2,2,3
lora,Qwen3-0.6B,acebench_hard,10,0,0.33,,0.0001,8,2,1
lora,Qwen3-0.6B,acebench_hard,10,1,0.5,,0.0001,2,4,3
lora,Qwen3-0.6B,acebench_hard,25,0,0.4666666666666667,,0.0001,8,2,2
lora,Qwen3-0.6B,acebench_hard,25,1,0.6966666666666667,,0.0003,4,4,3
lora,Qwen3-0.6B,acebench_hard,50,0,0.7833333333333333,,0.0001,4,4,1
lora,Qwen3-0.6B,acebench_hard,50,1,0.7466666666666667,,0.0003,2,4,1
lora,Qwen3-0.6B,acebench_hard,100,0,0.8266666666666667,,0.0001,4,8,4
lora,Qwen3-0.6B,acebench_hard,100,1,0.81,,0.0001,2,2,1
lora,Qwen3-0.6B,acebench_hard,200,0,0.8266666666666667,,0.0001,4,4,1
lora,Qwen3-0.6B,acebench_hard,200,1,0.8766666666666667,,0.0003,8,8,3
lora,Qwen3-0.6B,acebench_medium,5,0,0.8566666666666667,,0.0001,2,4,4
lora,Qwen3-0.6B,acebench_medium,5,1,0.8066666666666666,,0.0001,4,4,1
lora,Qwen3-0.6B,acebench_medium,10,0,0.89,,0.0003,2,2,1
lora,Qwen3-0.6B,acebench_medium,10,1,0.84,,0.0001,4,2,2
lora,Qwen3-0.6B,acebench_medium,25,0,0.9233333333333332,,0.0003,4,2,3
lora,Qwen3-0.6B,acebench_medium,25,1,0.92,,0.0003,8,4,0
lora,Qwen3-0.6B,acebench_medium,50,0,0.9566666666666668,,0.0001,8,2,1
lora,Qwen3-0.6B,acebench_medium,50,1,0.95,,0.0001,4,8,3
lora,Qwen3-0.6B,acebench_medium,100,0,0.9633333333333334,,0.0005,8,8,2
lora,Qwen3-0.6B,acebench_medium,100,1,0.9866666666666668,,0.0003,4,4,1
lora,Qwen3-0.6B,acebench_medium,200,0,0.98,,0.0005,8,8,2
lora,Qwen3-0.6B,acebench_medium,200,1,0.9766666666666668,,0.0001,2,8,3
lora,Qwen3-0.6B,smart_home,5,0,0.71,,0.0003,4,4,0
lora,Qwen3-0.6B,smart_home,5,1,0.7666666666666667,,0.0001,8,2,3
lora,Qwen3-0.6B,smart_home,10,0,0.7466666666666667,,0.0001,8,2,0
lora,Qwen3-0.6B,smart_home,10,1,0.82,,0.0001,8,2,1
lora,Qwen3-0.6B,smart_home,25,0,0.7333333333333333,,0.0001,4,2,3
lora,Qwen3-0.6B,smart_home,25,1,0.8433333333333334,,0.0001,4,8,1
lora,Qwen3-0.6B,smart_home,50,0,0.8333333333333334,,0.0001,4,4,3
lora,Qwen3-0.6B,smart_home,50,1,0.8866666666666667,,0.0001,8,4,4
lora,Qwen3-0.6B,smart_home,100,0,0.8966666666666666,,0.0003,8,8,3
lora,Qwen3-0.6B,smart_home,100,1,0.9133333333333332,,0.0001,4,8,2
lora,Qwen3-0.6B,smart_home,200,0,0.9333333333333332,,0.0001,2,4,3
lora,Qwen3-0.6B,smart_home,200,1,0.9433333333333334,,0.0001,8,4,4
lora,Qwen3-0.6B,git_assistant,5,0,0.42,,0.0001,8,2,3
lora,Qwen3-0.6B,git_assistant,5,1,0.5,,0.0001,2,2,1
lora,Qwen3-0.6B,git_assistant,10,0,0.5166666666666667,,0.0001,4,2,4
lora,Qwen3-0.6B,git_assistant,10,1,0.5133333333333333,,0.0001,8,2,2
lora,Qwen3-0.6B,git_assistant,25,0,0.6966666666666667,,0.0001,8,4,1
lora,Qwen3-0.6B,git_assistant,25,1,0.5766666666666667,,0.0001,8,4,4
lora,Qwen3-0.6B,git_assistant,50,0,0.7666666666666667,,0.0001,8,8,1
lora,Qwen3-0.6B,git_assistant,50,1,0.7366666666666667,,0.0001,4,4,2
lora,Qwen3-0.6B,git_assistant,100,0,0.8133333333333334,,0.0001,4,8,1
lora,Qwen3-0.6B,git_assistant,100,1,0.83,,0.0001,4,4,2
lora,Qwen3-0.6B,git_assistant,200,0,0.8633333333333333,,0.0001,4,8,1
lora,Qwen3-0.6B,git_assistant,200,1,0.8633333333333333,,0.0001,4,8,3
lora,Qwen3-0.6B,trec,5,0,0.3733333333333333,,0.0001,2,8,3
lora,Qwen3-0.6B,trec,5,1,0.4866666666666667,,0.0001,8,4,4
lora,Qwen3-0.6B,trec,10,0,0.5533333333333333,,0.0001,4,4,2
lora,Qwen3-0.6B,trec,10,1,0.6866666666666666,,0.0001,2,8,2
lora,Qwen3-0.6B,trec,25,0,0.7133333333333334,,0.0001,8,8,1
lora,Qwen3-0.6B,trec,25,1,0.6166666666666667,,0.0001,2,8,2
lora,Qwen3-0.6B,trec,50,0,0.7866666666666666,,0.0001,4,4,0
lora,Qwen3-0.6B,trec,50,1,0.8333333333333334,,0.0001,4,2,3
lora,Qwen3-0.6B,trec,100,0,0.8833333333333333,,0.0001,2,8,3
lora,Qwen3-0.6B,trec,100,1,0.8533333333333334,,0.0003,4,8,2
lora,Qwen3-0.6B,trec,200,0,0.93,,0.0001,2,8,2
lora,Qwen3-0.6B,trec,200,1,0.9166666666666666,,0.0001,2,8,0
lora,Qwen3-0.6B,ecommerce,5,0,0.2333333333333333,,0.0003,2,2,0
lora,Qwen3-0.6B,ecommerce,5,1,0.82,,0.0001,2,4,0
lora,Qwen3-0.6B,ecommerce,10,0,0.7733333333333333,,0.0001,2,4,3
lora,Qwen3-0.6B,ecommerce,10,1,0.7766666666666666,,0.0003,4,4,4
lora,Qwen3-0.6B,ecommerce,25,0,0.86,,0.0001,2,8,3
lora,Qwen3-0.6B,ecommerce,25,1,0.83,,0.0001,8,4,2
lora,Qwen3-0.6B,ecommerce,50,0,0.8933333333333333,,0.0003,2,8,0
lora,Qwen3-0.6B,ecommerce,50,1,0.91,,0.0003,2,8,1
lora,Qwen3-0.6B,ecommerce,100,0,0.89,,0.0001,2,2,3
lora,Qwen3-0.6B,ecommerce,100,1,0.9,,0.0003,2,2,2
lora,Qwen3-0.6B,ecommerce,200,0,0.9,,0.0001,2,8,1
lora,Qwen3-0.6B,ecommerce,200,1,0.9166666666666666,,0.0001,2,4,0
lora,Qwen3-0.6B,injury,5,0,0.3666666666666666,,0.0001,2,2,3
lora,Qwen3-0.6B,injury,5,1,0.3566666666666667,,0.0001,8,4,3
lora,Qwen3-0.6B,injury,10,0,0.45,,0.0001,8,4,1
lora,Qwen3-0.6B,injury,10,1,0.5133333333333333,,0.0001,8,8,4
lora,Qwen3-0.6B,injury,25,0,0.61,,0.0001,2,8,1
lora,Qwen3-0.6B,injury,25,1,0.61,,0.0001,2,8,0
lora,Qwen3-0.6B,injury,50,0,0.61,,0.0003,4,4,4
lora,Qwen3-0.6B,injury,50,1,0.6033333333333334,,0.0001,2,2,2
lora,Qwen3-0.6B,injury,100,0,0.7833333333333333,,0.0001,2,8,3
lora,Qwen3-0.6B,injury,100,1,0.6966666666666667,,0.0001,4,4,2
lora,Qwen3-0.6B,injury,200,0,0.7366666666666667,,0.0003,8,8,2
lora,Qwen3-0.6B,injury,200,1,0.7933333333333333,,0.0001,2,8,3
lora,Qwen3-0.6B,currency,5,0,0.7733333333333333,,0.0001,2,2,3
lora,Qwen3-0.6B,currency,5,1,0.79,,0.0001,2,2,4
lora,Qwen3-0.6B,currency,10,0,0.89,,0.0001,2,2,1
lora,Qwen3-0.6B,currency,10,1,0.8166666666666667,,0.0001,2,2,4
lora,Qwen3-0.6B,currency,25,0,0.8333333333333334,,0.0001,4,4,3
lora,Qwen3-0.6B,currency,25,1,0.8966666666666666,,0.0001,8,4,2
lora,Qwen3-0.6B,currency,50,0,0.9833333333333332,,0.0001,4,8,1
lora,Qwen3-0.6B,currency,50,1,0.9266666666666666,,0.0001,4,4,3
lora,Qwen3-0.6B,currency,100,0,0.9766666666666668,,0.0001,8,4,2
lora,Qwen3-0.6B,currency,100,1,0.95,,0.0003,8,4,2
lora,Qwen3-0.6B,currency,200,0,0.99,,0.0001,8,8,2
lora,Qwen3-0.6B,currency,200,1,0.9866666666666668,,0.0001,4,4,2
lora,Qwen3-0.6B,dates,5,0,0.6666666666666666,,0.0001,8,2,2
lora,Qwen3-0.6B,dates,5,1,0.74,,0.0001,2,2,3
lora,Qwen3-0.6B,dates,10,0,0.7,,0.0001,4,2,0
lora,Qwen3-0.6B,dates,10,1,0.7233333333333334,,0.0001,8,2,2
lora,Qwen3-0.6B,dates,25,0,0.83,,0.0001,2,2,3
lora,Qwen3-0.6B,dates,25,1,0.72,,0.0001,4,4,2
lora,Qwen3-0.6B,dates,50,0,0.8933333333333333,,0.0001,2,4,1
lora,Qwen3-0.6B,dates,50,1,0.94,,0.0001,2,4,3
lora,Qwen3-0.6B,dates,100,0,0.9466666666666668,,0.0001,8,4,3
lora,Qwen3-0.6B,dates,100,1,0.9433333333333334,,0.0001,2,2,4
lora,Qwen3-0.6B,dates,200,0,0.9866666666666668,,0.0001,8,8,1
lora,Qwen3-0.6B,dates,200,1,0.9933333333333332,,0.0001,2,4,1
lora,Qwen3-0.6B,emoji,5,0,0.8133333333333334,,0.0001,2,4,2
lora,Qwen3-0.6B,emoji,5,1,0.77,,0.0001,2,4,2
lora,Qwen3-0.6B,emoji,10,0,0.8933333333333333,,0.0001,2,4,1
lora,Qwen3-0.6B,emoji,10,1,0.89,,0.0003,2,4,1
lora,Qwen3-0.6B,emoji,25,0,0.8833333333333333,,0.0001,4,4,0
lora,Qwen3-0.6B,emoji,25,1,0.9133333333333332,,0.0003,2,2,3
lora,Qwen3-0.6B,emoji,50,0,0.9233333333333332,,0.0001,4,2,0
lora,Qwen3-0.6B,emoji,50,1,0.91,,0.0005,8,2,1
lora,Qwen3-0.6B,emoji,100,0,0.94,,0.0003,4,8,1
lora,Qwen3-0.6B,emoji,100,1,0.97,,0.0005,2,2,0
lora,Qwen3-0.6B,emoji,200,0,0.95,,0.0003,2,2,4
lora,Qwen3-0.6B,emoji,200,1,0.97,,0.0001,4,4,0
lora,Qwen3-0.6B,emoji_list,5,0,0.4833333333333333,,0.0001,2,8,0
lora,Qwen3-0.6B,emoji_list,5,1,0.4433333333333333,,0.0001,2,8,2
lora,Qwen3-0.6B,emoji_list,10,0,0.7,,0.0005,4,8,2
lora,Qwen3-0.6B,emoji_list,10,1,0.76,,0.0003,2,8,3
lora,Qwen3-0.6B,emoji_list,25,0,0.8966666666666666,,0.0005,4,8,1
lora,Qwen3-0.6B,emoji_list,25,1,0.8933333333333333,,0.0005,2,8,4
lora,Qwen3-0.6B,emoji_list,50,0,0.9233333333333332,,0.0005,2,8,1
lora,Qwen3-0.6B,emoji_list,50,1,0.9133333333333332,,0.0003,8,8,2
lora,Qwen3-0.6B,emoji_list,100,0,0.9666666666666668,,0.0003,2,2,1
lora,Qwen3-0.6B,emoji_list,100,1,0.93,,0.0003,8,4,2
lora,Qwen3-0.6B,emoji_list,200,0,0.9533333333333334,,0.0001,2,4,2
lora,Qwen3-0.6B,emoji_list,200,1,0.9766666666666668,,0.0005,4,8,3
lora,Qwen3-0.6B,replace,5,0,0.4966666666666666,,0.0001,2,2,2
lora,Qwen3-0.6B,replace,5,1,0.5466666666666666,,0.0003,4,4,1
lora,Qwen3-0.6B,replace,10,0,0.4533333333333333,,0.0003,8,4,0
lora,Qwen3-0.6B,replace,10,1,0.27,,0.0003,2,2,1
lora,Qwen3-0.6B,replace,25,0,0.5366666666666666,,0.0001,2,4,0
lora,Qwen3-0.6B,replace,25,1,0.56,,0.0001,4,4,1
lora,Qwen3-0.6B,replace,50,0,0.7033333333333334,,0.0001,2,8,1
lora,Qwen3-0.6B,replace,50,1,0.6233333333333333,,0.0001,8,2,2
lora,Qwen3-0.6B,replace,100,0,0.77,,0.0001,2,8,1
lora,Qwen3-0.6B,replace,100,1,0.72,,0.0001,2,2,2
lora,Qwen3-0.6B,replace,200,0,0.8133333333333334,,0.0001,4,4,4
lora,Qwen3-0.6B,replace,200,1,0.8133333333333334,,0.0001,2,8,2
lora,Qwen3-0.6B,delete,5,0,0.1766666666666666,,0.0001,8,4,3
lora,Qwen3-0.6B,delete,5,1,0.2,,0.0001,2,4,4
lora,Qwen3-0.6B,delete,10,0,0.26,,0.0001,2,2,1
lora,Qwen3-0.6B,delete,10,1,0.2833333333333333,,0.0001,8,4,2
lora,Qwen3-0.6B,delete,25,0,0.4833333333333333,,0.0001,2,8,0
lora,Qwen3-0.6B,delete,25,1,0.4633333333333333,,0.0005,2,2,2
lora,Qwen3-0.6B,delete,50,0,0.6833333333333333,,0.0001,8,4,0
lora,Qwen3-0.6B,delete,50,1,0.7166666666666667,,0.0001,2,4,1
lora,Qwen3-0.6B,delete,100,0,0.8133333333333334,,0.0001,2,8,0
lora,Qwen3-0.6B,delete,100,1,0.8366666666666667,,0.0001,2,4,4
lora,Qwen3-0.6B,delete,200,0,0.87,,0.0003,4,8,1
lora,Qwen3-0.6B,delete,200,1,0.82,,0.0001,2,4,3
lora,Qwen3-0.6B,insert_before,5,0,0.1366666666666666,,0.0003,2,8,3
lora,Qwen3-0.6B,insert_before,5,1,0.0333333333333333,,0.0003,4,2,4
lora,Qwen3-0.6B,insert_before,10,0,0.02,,0.0005,2,8,2
lora,Qwen3-0.6B,insert_before,10,1,0.36,,0.0001,2,4,4
lora,Qwen3-0.6B,insert_before,25,0,0.52,,0.0001,2,4,3
lora,Qwen3-0.6B,insert_before,25,1,0.62,,0.0003,2,8,1
lora,Qwen3-0.6B,insert_before,50,0,0.82,,0.0003,4,4,2
lora,Qwen3-0.6B,insert_before,50,1,0.67,,0.0003,4,4,3
lora,Qwen3-0.6B,insert_before,100,0,0.8966666666666666,,0.0003,4,4,2
lora,Qwen3-0.6B,insert_before,100,1,0.8533333333333334,,0.0003,4,8,2
lora,Qwen3-0.6B,insert_before,200,0,0.9033333333333332,,0.0001,2,8,2
lora,Qwen3-0.6B,insert_before,200,1,0.9033333333333332,,0.0001,2,8,1
lora,Qwen3-0.6B,text2sql,5,0,0.56,,0.0001,8,2,0
lora,Qwen3-0.6B,text2sql,5,1,0.5633333333333334,,0.0001,8,2,3
lora,Qwen3-0.6B,text2sql,10,0,0.56,,0.0001,8,2,1
lora,Qwen3-0.6B,text2sql,10,1,0.5066666666666667,,0.0001,8,4,4
lora,Qwen3-0.6B,text2sql,25,0,0.62,,0.0001,8,4,0
lora,Qwen3-0.6B,text2sql,25,1,0.6133333333333333,,0.0001,8,4,4
lora,Qwen3-0.6B,text2sql,50,0,0.6433333333333333,,0.0001,2,4,3
lora,Qwen3-0.6B,text2sql,50,1,0.6633333333333333,,0.0001,4,8,4
lora,Qwen3-0.6B,text2sql,100,0,0.65,,0.0001,8,4,1
lora,Qwen3-0.6B,text2sql,100,1,0.6666666666666666,,0.0001,4,4,2
lora,Qwen3-0.6B,text2sql,200,0,0.6533333333333333,,0.0001,8,2,0
lora,Qwen3-0.6B,text2sql,200,1,0.68,,0.0001,8,4,2
lora,Qwen3-0.6B,docstring,5,0,0.5233333333333333,,0.0001,2,8,3
lora,Qwen3-0.6B,docstring,5,1,0.67,,0.0001,8,2,1
lora,Qwen3-0.6B,docstring,10,0,0.5533333333333333,,0.0001,4,8,4
lora,Qwen3-0.6B,docstring,10,1,0.51,,0.0005,8,8,1
lora,Qwen3-0.6B,docstring,25,0,0.48,,0.0003,4,2,4
lora,Qwen3-0.6B,docstring,25,1,0.5766666666666667,,0.0003,4,8,2
lora,Qwen3-0.6B,docstring,50,0,0.6466666666666666,,0.0003,2,2,4
lora,Qwen3-0.6B,docstring,50,1,0.62,,0.0001,8,8,0
lora,Qwen3-0.6B,docstring,100,0,0.6766666666666666,,0.0001,2,4,0
lora,Qwen3-0.6B,docstring,100,1,0.65,,0.0003,8,8,2
lora,Qwen3-0.6B,docstring,200,0,0.73,,0.0003,8,8,3
lora,Qwen3-0.6B,docstring,200,1,0.6566666666666666,,0.0001,2,4,1
lora,Qwen3-0.6B,pii,5,0,0.23,,0.0005,8,8,4
lora,Qwen3-0.6B,pii,5,1,0.2466666666666666,,0.0005,2,4,0
lora,Qwen3-0.6B,pii,10,0,0.3,,0.0003,2,8,4
lora,Qwen3-0.6B,pii,10,1,0.3866666666666666,,0.0003,8,8,3
lora,Qwen3-0.6B,pii,25,0,0.5466666666666666,,0.0001,4,8,0
lora,Qwen3-0.6B,pii,25,1,0.5166666666666667,,0.0001,2,4,4
lora,Qwen3-0.6B,pii,50,0,0.5966666666666667,,0.0001,8,8,0
lora,Qwen3-0.6B,pii,50,1,0.6666666666666666,,0.0001,2,8,1
lora,Qwen3-0.6B,pii,100,0,0.73,,0.0001,8,8,1
lora,Qwen3-0.6B,pii,100,1,0.6433333333333333,,0.0003,8,4,1
lora,Qwen3-0.6B,pii,200,0,0.7833333333333333,,0.0001,8,8,1
lora,Qwen3-0.6B,pii,200,1,0.8066666666666666,,0.0003,8,4,3
lora,Qwen3-1.7B,acebench_hard,5,0,0.4633333333333333,,0.0003,2,8,0
lora,Qwen3-1.7B,acebench_hard,5,1,0.5166666666666667,,0.0003,4,8,2
lora,Qwen3-1.7B,acebench_hard,10,0,0.5766666666666667,,0.0003,4,4,3
lora,Qwen3-1.7B,acebench_hard,10,1,0.63,,0.0003,2,2,4
lora,Qwen3-1.7B,acebench_hard,25,0,0.6733333333333333,,0.0003,2,4,1
lora,Qwen3-1.7B,acebench_hard,25,1,0.7833333333333333,,0.0001,2,8,3
lora,Qwen3-1.7B,acebench_hard,50,0,0.7566666666666667,,0.0001,8,4,3
lora,Qwen3-1.7B,acebench_hard,50,1,0.79,,0.0001,2,2,1
lora,Qwen3-1.7B,acebench_hard,100,0,0.88,,0.0001,8,4,0
lora,Qwen3-1.7B,acebench_hard,100,1,0.8266666666666667,,0.0003,2,2,3
lora,Qwen3-1.7B,acebench_hard,200,0,0.8833333333333333,,0.0001,8,4,1
lora,Qwen3-1.7B,acebench_hard,200,1,0.8866666666666667,,0.0003,2,4,1
lora,Qwen3-1.7B,acebench_medium,5,0,0.9066666666666666,,0.0001,2,2,3
lora,Qwen3-1.7B,acebench_medium,5,1,0.9333333333333332,,0.0001,8,4,2
lora,Qwen3-1.7B,acebench_medium,10,0,0.89,,0.0001,4,2,2
lora,Qwen3-1.7B,acebench_medium,10,1,0.9733333333333334,,0.0005,2,4,3
lora,Qwen3-1.7B,acebench_medium,25,0,0.9466666666666668,,0.0001,8,2,3
lora,Qwen3-1.7B,acebench_medium,25,1,0.9633333333333334,,0.0003,2,4,0
lora,Qwen3-1.7B,acebench_medium,50,0,0.98,,0.0001,2,4,0
lora,Qwen3-1.7B,acebench_medium,50,1,0.95,,0.0001,8,2,1
lora,Qwen3-1.7B,acebench_medium,100,0,0.9866666666666668,,0.0001,2,2,0
lora,Qwen3-1.7B,acebench_medium,100,1,0.9866666666666668,,0.0001,4,2,1
lora,Qwen3-1.7B,acebench_medium,200,0,0.9866666666666668,,0.0001,8,4,0
lora,Qwen3-1.7B,acebench_medium,200,1,0.9733333333333334,,0.0001,8,8,4
lora,Qwen3-1.7B,smart_home,5,0,0.89,,0.0001,8,2,4
lora,Qwen3-1.7B,smart_home,5,1,0.87,,0.0001,8,2,3
lora,Qwen3-1.7B,smart_home,10,0,0.89,,0.0001,8,2,2
lora,Qwen3-1.7B,smart_home,10,1,0.88,,0.0001,8,2,3
lora,Qwen3-1.7B,smart_home,25,0,0.8933333333333333,,0.0001,4,2,0
lora,Qwen3-1.7B,smart_home,25,1,0.8833333333333333,,0.0001,2,2,2
lora,Qwen3-1.7B,smart_home,50,0,0.8733333333333333,,0.0001,8,2,1
lora,Qwen3-1.7B,smart_home,50,1,0.8666666666666667,,0.0001,2,4,1
lora,Qwen3-1.7B,smart_home,100,0,0.9433333333333334,,0.0001,4,2,3
lora,Qwen3-1.7B,smart_home,100,1,0.9366666666666666,,0.0001,8,4,3
lora,Qwen3-1.7B,smart_home,200,0,0.9466666666666668,,0.0001,4,8,3
lora,Qwen3-1.7B,smart_home,200,1,0.96,,0.0001,2,8,2
lora,Qwen3-1.7B,git_assistant,5,0,0.6833333333333333,,0.0001,8,2,0
lora,Qwen3-1.7B,git_assistant,5,1,0.5733333333333334,,0.0003,2,4,0
lora,Qwen3-1.7B,git_assistant,10,0,0.6766666666666666,,0.0001,8,2,3
lora,Qwen3-1.7B,git_assistant,10,1,0.67,,0.0001,2,8,3
lora,Qwen3-1.7B,git_assistant,25,0,0.84,,0.0001,4,8,1
lora,Qwen3-1.7B,git_assistant,25,1,0.83,,0.0001,2,4,2
lora,Qwen3-1.7B,git_assistant,50,0,0.8266666666666667,,0.0001,8,2,0
lora,Qwen3-1.7B,git_assistant,50,1,0.8033333333333333,,0.0001,2,8,2
lora,Qwen3-1.7B,git_assistant,100,0,0.82,,0.0003,8,4,0
lora,Qwen3-1.7B,git_assistant,100,1,0.8266666666666667,,0.0003,8,8,2
lora,Qwen3-1.7B,git_assistant,200,0,0.92,,0.0001,2,8,1
lora,Qwen3-1.7B,git_assistant,200,1,0.9066666666666666,,0.0001,8,8,3
lora,Qwen3-1.7B,trec,5,0,0.37,,0.0001,8,2,3
lora,Qwen3-1.7B,trec,5,1,0.3733333333333333,,0.0003,2,4,4
lora,Qwen3-1.7B,trec,10,0,0.6666666666666666,,0.0003,2,4,4
lora,Qwen3-1.7B,trec,10,1,0.5966666666666667,,0.0001,2,8,1
lora,Qwen3-1.7B,trec,25,0,0.6,,0.0001,4,4,1
lora,Qwen3-1.7B,trec,25,1,0.7233333333333334,,0.0001,4,4,0
lora,Qwen3-1.7B,trec,50,0,0.8966666666666666,,0.0003,2,8,3
lora,Qwen3-1.7B,trec,50,1,0.6933333333333334,,0.0001,8,8,3
lora,Qwen3-1.7B,trec,100,0,0.8333333333333334,,0.0001,2,2,3
lora,Qwen3-1.7B,trec,100,1,0.87,,0.0003,4,8,2
lora,Qwen3-1.7B,trec,200,0,0.93,,0.0005,8,8,2
lora,Qwen3-1.7B,trec,200,1,0.9266666666666666,,0.0001,2,8,3
lora,Qwen3-1.7B,ecommerce,5,0,0.76,,0.0001,8,2,0
lora,Qwen3-1.7B,ecommerce,5,1,0.7833333333333333,,0.0001,8,2,4
lora,Qwen3-1.7B,ecommerce,10,0,0.73,,0.0001,2,4,3
lora,Qwen3-1.7B,ecommerce,10,1,0.8,,0.0001,8,2,2
lora,Qwen3-1.7B,ecommerce,25,0,0.8633333333333333,,0.0003,2,4,3
lora,Qwen3-1.7B,ecommerce,25,1,0.85,,0.0003,4,8,0
lora,Qwen3-1.7B,ecommerce,50,0,0.8966666666666666,,0.0003,2,2,3
lora,Qwen3-1.7B,ecommerce,50,1,0.8933333333333333,,0.0003,4,2,4
lora,Qwen3-1.7B,ecommerce,100,0,0.9066666666666666,,0.0003,8,8,2
lora,Qwen3-1.7B,ecommerce,100,1,0.9133333333333332,,0.0001,8,4,0
lora,Qwen3-1.7B,ecommerce,200,0,0.9033333333333332,,0.0001,2,8,1
lora,Qwen3-1.7B,ecommerce,200,1,0.9233333333333332,,0.0005,8,2,0
lora,Qwen3-1.7B,injury,5,0,0.5766666666666667,,0.0001,2,4,1
lora,Qwen3-1.7B,injury,5,1,0.63,,0.0001,8,2,3
lora,Qwen3-1.7B,injury,10,0,0.5066666666666667,,0.0001,8,2,3
lora,Qwen3-1.7B,injury,10,1,0.51,,0.0001,2,4,1
lora,Qwen3-1.7B,injury,25,0,0.65,,0.0001,8,4,1
lora,Qwen3-1.7B,injury,25,1,0.69,,0.0001,2,8,1
lora,Qwen3-1.7B,injury,50,0,0.7266666666666667,,0.0001,4,8,2
lora,Qwen3-1.7B,injury,50,1,0.76,,0.0001,8,4,4
lora,Qwen3-1.7B,injury,100,0,0.7966666666666666,,0.0001,2,4,2
lora,Qwen3-1.7B,injury,100,1,0.7666666666666667,,0.0003,8,8,2
lora,Qwen3-1.7B,injury,200,0,0.8633333333333333,,0.0001,8,8,4
lora,Qwen3-1.7B,injury,200,1,0.86,,0.0001,2,4,1
lora,Qwen3-1.7B,currency,5,0,0.9133333333333332,,0.0001,4,4,1
lora,Qwen3-1.7B,currency,5,1,0.85,,0.0003,2,4,0
lora,Qwen3-1.7B,currency,10,0,0.94,,0.0001,2,8,1
lora,Qwen3-1.7B,currency,10,1,0.8733333333333333,,0.0003,4,4,0
lora,Qwen3-1.7B,currency,25,0,0.95,,0.0001,4,4,1
lora,Qwen3-1.7B,currency,25,1,0.98,,0.0003,8,2,1
lora,Qwen3-1.7B,currency,50,0,0.97,,0.0001,4,8,3
lora,Qwen3-1.7B,currency,50,1,0.9866666666666668,,0.0003,4,2,4
lora,Qwen3-1.7B,currency,100,0,0.98,,0.0001,2,2,0
lora,Qwen3-1.7B,currency,100,1,0.9933333333333332,,0.0001,4,8,0
lora,Qwen3-1.7B,currency,200,0,0.9966666666666668,,0.0001,8,2,1
lora,Qwen3-1.7B,currency,200,1,0.9966666666666668,,0.0001,8,2,4
lora,Qwen3-1.7B,dates,5,0,0.7733333333333333,,0.0001,8,2,1
lora,Qwen3-1.7B,dates,5,1,0.8766666666666667,,0.0003,2,2,3
lora,Qwen3-1.7B,dates,10,0,0.6,,0.0003,4,4,2
lora,Qwen3-1.7B,dates,10,1,0.89,,0.0005,8,8,0
lora,Qwen3-1.7B,dates,25,0,0.9333333333333332,,0.0005,4,2,3
lora,Qwen3-1.7B,dates,25,1,0.9566666666666668,,0.0001,2,8,0
lora,Qwen3-1.7B,dates,50,0,0.97,,0.0003,4,4,1
lora,Qwen3-1.7B,dates,50,1,0.97,,0.0001,2,4,3
lora,Qwen3-1.7B,dates,100,0,0.9766666666666668,,0.0001,4,4,2
lora,Qwen3-1.7B,dates,100,1,0.9866666666666668,,0.0001,2,4,1
lora,Qwen3-1.7B,dates,200,0,0.99,,0.0001,2,4,2
lora,Qwen3-1.7B,dates,200,1,0.9966666666666668,,0.0001,2,8,3
lora,Qwen3-1.7B,emoji,5,0,0.6266666666666667,,0.0001,8,2,0
lora,Qwen3-1.7B,emoji,5,1,0.64,,0.0005,4,2,0
lora,Qwen3-1.7B,emoji,10,0,0.6333333333333333,,0.0001,4,2,2
lora,Qwen3-1.7B,emoji,10,1,0.82,,0.0001,2,4,4
lora,Qwen3-1.7B,emoji,25,0,0.94,,0.0005,8,4,3
lora,Qwen3-1.7B,emoji,25,1,0.91,,0.0001,8,8,2
lora,Qwen3-1.7B,emoji,50,0,0.91,,0.0001,4,4,1
lora,Qwen3-1.7B,emoji,50,1,0.8966666666666666,,0.0005,8,8,2
lora,Qwen3-1.7B,emoji,100,0,0.9633333333333334,,0.0005,4,2,0
lora,Qwen3-1.7B,emoji,100,1,0.9466666666666668,,0.0005,4,2,4
lora,Qwen3-1.7B,emoji,200,0,0.97,,0.0003,8,4,1
lora,Qwen3-1.7B,emoji,200,1,0.97,,0.0003,8,4,4
lora,Qwen3-1.7B,emoji_list,5,0,0.8733333333333333,,0.0003,2,8,3
lora,Qwen3-1.7B,emoji_list,5,1,0.8266666666666667,,0.0005,2,4,3
lora,Qwen3-1.7B,emoji_list,10,0,0.9266666666666666,,0.0003,2,4,4
lora,Qwen3-1.7B,emoji_list,10,1,0.77,,0.0005,4,4,1
lora,Qwen3-1.7B,emoji_list,25,0,0.8233333333333334,,0.0005,4,4,1
lora,Qwen3-1.7B,emoji_list,25,1,0.7466666666666667,,0.0005,4,8,3
lora,Qwen3-1.7B,emoji_list,50,0,0.95,,0.0005,2,2,3
lora,Qwen3-1.7B,emoji_list,50,1,0.9066666666666666,,0.0003,8,8,3
lora,Qwen3-1.7B,emoji_list,100,0,0.95,,0.0003,8,4,1
lora,Qwen3-1.7B,emoji_list,100,1,0.9066666666666666,,0.0005,2,4,3
lora,Qwen3-1.7B,emoji_list,200,0,0.9333333333333332,,0.0003,8,2,4
lora,Qwen3-1.7B,emoji_list,200,1,0.9433333333333334,,0.0003,8,8,4
lora,Qwen3-1.7B,replace,5,0,0.6,,0.0001,2,2,3
lora,Qwen3-1.7B,replace,5,1,0.35,,0.0005,2,2,3
lora,Qwen3-1.7B,replace,10,0,0.61,,0.0003,2,4,2
lora,Qwen3-1.7B,replace,10,1,0.62,,0.0001,4,2,1
lora,Qwen3-1.7B,replace,25,0,0.7233333333333334,,0.0001,2,8,1
lora,Qwen3-1.7B,replace,25,1,0.62,,0.0001,4,4,0
lora,Qwen3-1.7B,replace,50,0,0.6766666666666666,,0.0003,2,4,0
lora,Qwen3-1.7B,replace,50,1,0.7466666666666667,,0.0001,2,8,0
lora,Qwen3-1.7B,replace,100,0,0.79,,0.0003,8,4,1
lora,Qwen3-1.7B,replace,100,1,0.7733333333333333,,0.0003,4,4,0
lora,Qwen3-1.7B,replace,200,0,0.82,,0.0005,8,4,2
lora,Qwen3-1.7B,replace,200,1,0.89,,0.0005,8,8,2
lora,Qwen3-1.7B,delete,5,0,0.3733333333333333,,0.0005,2,2,2
lora,Qwen3-1.7B,delete,5,1,0.1833333333333333,,0.0001,2,2,4
lora,Qwen3-1.7B,delete,10,0,0.51,,0.0003,2,2,0
lora,Qwen3-1.7B,delete,10,1,0.36,,0.0001,4,4,2
lora,Qwen3-1.7B,delete,25,0,0.6633333333333333,,0.0003,8,4,3
lora,Qwen3-1.7B,delete,25,1,0.67,,0.0003,2,4,3
lora,Qwen3-1.7B,delete,50,0,0.81,,0.0001,2,8,4
lora,Qwen3-1.7B,delete,50,1,0.7433333333333333,,0.0001,2,4,2
lora,Qwen3-1.7B,delete,100,0,0.8,,0.0001,4,4,0
lora,Qwen3-1.7B,delete,100,1,0.78,,0.0003,4,4,0
lora,Qwen3-1.7B,delete,200,0,0.8833333333333333,,0.0003,8,8,3
lora,Qwen3-1.7B,delete,200,1,0.8933333333333333,,0.0003,4,4,1
lora,Qwen3-1.7B,insert_before,5,0,0.3633333333333333,,0.0005,8,8,2
lora,Qwen3-1.7B,insert_before,5,1,0.25,,0.0003,2,2,2
lora,Qwen3-1.7B,insert_before,10,0,0.5266666666666666,,0.0001,2,8,3
lora,Qwen3-1.7B,insert_before,10,1,0.43,,0.0001,8,8,4
lora,Qwen3-1.7B,insert_before,25,0,0.6133333333333333,,0.0001,2,4,4
lora,Qwen3-1.7B,insert_before,25,1,0.77,,0.0003,4,8,3
lora,Qwen3-1.7B,insert_before,50,0,0.7933333333333333,,0.0001,2,8,2
lora,Qwen3-1.7B,insert_before,50,1,0.84,,0.0003,8,4,1
lora,Qwen3-1.7B,insert_before,100,0,0.93,,0.0003,4,8,4
lora,Qwen3-1.7B,insert_before,100,1,0.9233333333333332,,0.0001,2,8,2
lora,Qwen3-1.7B,insert_before,200,0,0.8966666666666666,,0.0001,2,4,1
lora,Qwen3-1.7B,insert_before,200,1,0.92,,0.0001,2,4,4
lora,Qwen3-1.7B,text2sql,5,0,0.77,,0.0001,8,2,1
lora,Qwen3-1.7B,text2sql,5,1,0.7433333333333333,,0.0003,8,2,1
lora,Qwen3-1.7B,text2sql,10,0,0.77,,0.0001,8,2,2
lora,Qwen3-1.7B,text2sql,10,1,0.7033333333333334,,0.0003,2,8,4
lora,Qwen3-1.7B,text2sql,25,0,0.8166666666666667,,0.0001,4,4,2
lora,Qwen3-1.7B,text2sql,25,1,0.7766666666666666,,0.0001,4,4,2
lora,Qwen3-1.7B,text2sql,50,0,0.7733333333333333,,0.0001,4,2,1
lora,Qwen3-1.7B,text2sql,50,1,0.7633333333333333,,0.0001,4,8,2
lora,Qwen3-1.7B,text2sql,100,0,0.8033333333333333,,0.0001,2,4,1
lora,Qwen3-1.7B,text2sql,100,1,0.8166666666666667,,0.0001,8,4,2
lora,Qwen3-1.7B,text2sql,200,0,0.8433333333333334,,0.0001,8,4,3
lora,Qwen3-1.7B,text2sql,200,1,0.8533333333333334,,0.0001,8,8,4
lora,Qwen3-1.7B,docstring,5,0,0.49,,0.0001,8,2,4
lora,Qwen3-1.7B,docstring,5,1,0.7266666666666667,,0.0003,2,4,4
lora,Qwen3-1.7B,docstring,10,0,0.7333333333333333,,0.0001,2,8,3
lora,Qwen3-1.7B,docstring,10,1,0.6966666666666667,,0.0001,2,8,4
lora,Qwen3-1.7B,docstring,25,0,0.8366666666666667,,0.0005,2,2,0
lora,Qwen3-1.7B,docstring,25,1,0.69,,0.0003,2,2,3
lora,Qwen3-1.7B,docstring,50,0,0.7766666666666666,,0.0001,2,8,2
lora,Qwen3-1.7B,docstring,50,1,0.7466666666666667,,0.0003,2,4,1
lora,Qwen3-1.7B,docstring,100,0,0.86,,0.0003,4,8,4
lora,Qwen3-1.7B,docstring,100,1,0.7066666666666667,,0.0003,2,8,0
lora,Qwen3-1.7B,docstring,200,0,0.8466666666666667,,0.0001,2,2,1
lora,Qwen3-1.7B,docstring,200,1,0.8533333333333334,,0.0001,2,2,2
lora,Qwen3-1.7B,pii,5,0,0.2833333333333333,,0.0001,8,2,2
lora,Qwen3-1.7B,pii,5,1,0.3633333333333333,,0.0003,2,8,3
lora,Qwen3-1.7B,pii,10,0,0.4266666666666667,,0.0003,4,4,4
lora,Qwen3-1.7B,pii,10,1,0.47,,0.0003,4,4,3
lora,Qwen3-1.7B,pii,25,0,0.5366666666666666,,0.0003,4,8,0
lora,Qwen3-1.7B,pii,25,1,0.54,,0.0001,4,8,1
lora,Qwen3-1.7B,pii,50,0,0.6066666666666667,,0.0001,2,4,0
lora,Qwen3-1.7B,pii,50,1,0.68,,0.0001,2,8,1
lora,Qwen3-1.7B,pii,100,0,0.7133333333333334,,0.0003,4,4,1
lora,Qwen3-1.7B,pii,100,1,0.7233333333333334,,0.0003,8,8,1
lora,Qwen3-1.7B,pii,200,0,0.8466666666666667,,0.0001,2,8,3
lora,Qwen3-1.7B,pii,200,1,0.77,,0.0003,4,8,3
lora,Qwen3-4B-Instruct-2507,acebench_hard,5,0,0.7366666666666667,,0.0001,8,2,1
lora,Qwen3-4B-Instruct-2507,acebench_hard,5,1,0.7533333333333333,,0.0001,8,2,3
lora,Qwen3-4B-Instruct-2507,acebench_hard,10,0,0.75,,0.0001,8,2,1
lora,Qwen3-4B-Instruct-2507,acebench_hard,10,1,0.7533333333333333,,0.0003,4,2,1
lora,Qwen3-4B-Instruct-2507,acebench_hard,25,0,0.8333333333333334,,0.0001,8,4,0
lora,Qwen3-4B-Instruct-2507,acebench_hard,25,1,0.86,,0.0001,2,8,4
lora,Qwen3-4B-Instruct-2507,acebench_hard,50,0,0.8733333333333333,,0.0003,8,8,2
lora,Qwen3-4B-Instruct-2507,acebench_hard,50,1,0.8933333333333333,,0.0001,4,8,3
lora,Qwen3-4B-Instruct-2507,acebench_hard,100,0,0.92,,0.0003,8,8,1
lora,Qwen3-4B-Instruct-2507,acebench_hard,100,1,0.88,,0.0001,4,2,3
lora,Qwen3-4B-Instruct-2507,acebench_hard,200,0,0.9066666666666666,,0.0001,2,2,2
lora,Qwen3-4B-Instruct-2507,acebench_hard,200,1,0.92,,0.0001,4,8,3
lora,Qwen3-4B-Instruct-2507,acebench_medium,5,0,0.9566666666666668,,0.0001,8,2,2
lora,Qwen3-4B-Instruct-2507,acebench_medium,5,1,0.95,,0.0001,8,2,1
lora,Qwen3-4B-Instruct-2507,acebench_medium,10,0,0.9533333333333334,,0.0001,2,2,1
lora,Qwen3-4B-Instruct-2507,acebench_medium,10,1,0.9533333333333334,,0.0001,8,2,1
lora,Qwen3-4B-Instruct-2507,acebench_medium,25,0,0.98,,0.0001,4,2,1
lora,Qwen3-4B-Instruct-2507,acebench_medium,25,1,0.96,,0.0003,2,4,4
lora,Qwen3-4B-Instruct-2507,acebench_medium,50,0,0.96,,0.0003,4,2,1
lora,Qwen3-4B-Instruct-2507,acebench_medium,50,1,0.9966666666666668,,0.0001,4,4,4
lora,Qwen3-4B-Instruct-2507,acebench_medium,100,0,1.0,,0.0001,4,4,1
lora,Qwen3-4B-Instruct-2507,acebench_medium,100,1,0.9933333333333332,,0.0001,8,4,0
lora,Qwen3-4B-Instruct-2507,acebench_medium,200,0,1.0,,0.0001,2,2,2
lora,Qwen3-4B-Instruct-2507,acebench_medium,200,1,0.9966666666666668,,0.0001,2,2,2
lora,Qwen3-4B-Instruct-2507,smart_home,5,0,0.9433333333333334,,0.0001,8,2,3
lora,Qwen3-4B-Instruct-2507,smart_home,5,1,0.9433333333333334,,0.0001,8,2,4
lora,Qwen3-4B-Instruct-2507,smart_home,10,0,0.9433333333333334,,0.0001,8,2,1
lora,Qwen3-4B-Instruct-2507,smart_home,10,1,0.9433333333333334,,0.0001,8,2,3
lora,Qwen3-4B-Instruct-2507,smart_home,25,0,0.9433333333333334,,0.0001,8,2,2
lora,Qwen3-4B-Instruct-2507,smart_home,25,1,0.91,,0.0001,4,2,3
lora,Qwen3-4B-Instruct-2507,smart_home,50,0,0.9033333333333332,,0.0001,8,2,2
lora,Qwen3-4B-Instruct-2507,smart_home,50,1,0.9166666666666666,,0.0001,4,2,4
lora,Qwen3-4B-Instruct-2507,smart_home,100,0,0.94,,0.0001,2,2,2
lora,Qwen3-4B-Instruct-2507,smart_home,100,1,0.9433333333333334,,0.0001,4,2,3
lora,Qwen3-4B-Instruct-2507,smart_home,200,0,0.9533333333333334,,0.0001,8,4,2
lora,Qwen3-4B-Instruct-2507,smart_home,200,1,0.96,,0.0001,8,4,2
lora,Qwen3-4B-Instruct-2507,git_assistant,5,0,0.8433333333333334,,0.0001,8,2,3
lora,Qwen3-4B-Instruct-2507,git_assistant,5,1,0.8266666666666667,,0.0001,8,2,2
lora,Qwen3-4B-Instruct-2507,git_assistant,10,0,0.8933333333333333,,0.0001,8,2,3
lora,Qwen3-4B-Instruct-2507,git_assistant,10,1,0.8233333333333334,,0.0001,8,2,1
lora,Qwen3-4B-Instruct-2507,git_assistant,25,0,0.8833333333333333,,0.0001,8,8,0
lora,Qwen3-4B-Instruct-2507,git_assistant,25,1,0.8666666666666667,,0.0003,4,2,2
lora,Qwen3-4B-Instruct-2507,git_assistant,50,0,0.9166666666666666,,0.0001,8,8,0
lora,Qwen3-4B-Instruct-2507,git_assistant,50,1,0.7633333333333333,,0.0003,4,8,0
lora,Qwen3-4B-Instruct-2507,git_assistant,100,0,0.9166666666666666,,0.0001,4,2,0
lora,Qwen3-4B-Instruct-2507,git_assistant,100,1,0.94,,0.0001,4,4,0
lora,Qwen3-4B-Instruct-2507,git_assistant,200,0,0.9166666666666666,,0.0001,8,2,1
lora,Qwen3-4B-Instruct-2507,git_assistant,200,1,0.94,,0.0001,4,2,2
lora,Qwen3-4B-Instruct-2507,trec,5,0,0.68,,0.0001,8,2,3
lora,Qwen3-4B-Instruct-2507,trec,5,1,0.75,,0.0001,8,2,2
lora,Qwen3-4B-Instruct-2507,trec,10,0,0.81,,0.0001,8,8,2
lora,Qwen3-4B-Instruct-2507,trec,10,1,0.8033333333333333,,0.0001,4,8,1
lora,Qwen3-4B-Instruct-2507,trec,25,0,0.8233333333333334,,0.0001,8,4,1
lora,Qwen3-4B-Instruct-2507,trec,25,1,0.83,,0.0001,8,2,3
lora,Qwen3-4B-Instruct-2507,trec,50,0,0.91,,0.0001,2,8,3
lora,Qwen3-4B-Instruct-2507,trec,50,1,0.9,,0.0001,4,4,0
lora,Qwen3-4B-Instruct-2507,trec,100,0,0.9133333333333332,,0.0003,8,4,3
lora,Qwen3-4B-Instruct-2507,trec,100,1,0.8733333333333333,,0.0001,2,4,0
lora,Qwen3-4B-Instruct-2507,trec,200,0,0.89,,0.0001,8,2,3
lora,Qwen3-4B-Instruct-2507,trec,200,1,0.9166666666666666,,0.0003,8,4,0
lora,Qwen3-4B-Instruct-2507,ecommerce,5,0,0.8733333333333333,,0.0001,8,2,3
lora,Qwen3-4B-Instruct-2507,ecommerce,5,1,0.8666666666666667,,0.0005,2,4,1
lora,Qwen3-4B-Instruct-2507,ecommerce,10,0,0.8666666666666667,,0.0001,8,2,0
lora,Qwen3-4B-Instruct-2507,ecommerce,10,1,0.89,,0.0001,8,2,1
lora,Qwen3-4B-Instruct-2507,ecommerce,25,0,0.8833333333333333,,0.0001,8,2,0
lora,Qwen3-4B-Instruct-2507,ecommerce,25,1,0.8766666666666667,,0.0001,2,8,2
lora,Qwen3-4B-Instruct-2507,ecommerce,50,0,0.8833333333333333,,0.0001,2,4,0
lora,Qwen3-4B-Instruct-2507,ecommerce,50,1,0.89,,0.0001,4,8,1
lora,Qwen3-4B-Instruct-2507,ecommerce,100,0,0.8966666666666666,,0.0001,2,2,1
lora,Qwen3-4B-Instruct-2507,ecommerce,100,1,0.9433333333333334,,0.0003,8,8,0
lora,Qwen3-4B-Instruct-2507,ecommerce,200,0,0.8933333333333333,,0.0003,4,4,1
lora,Qwen3-4B-Instruct-2507,ecommerce,200,1,0.91,,0.0001,8,2,0
lora,Qwen3-4B-Instruct-2507,injury,5,0,0.62,,0.0001,8,2,2
lora,Qwen3-4B-Instruct-2507,injury,5,1,0.6666666666666666,,0.0001,8,2,0
lora,Qwen3-4B-Instruct-2507,injury,10,0,0.6433333333333333,,0.0001,2,2,4
lora,Qwen3-4B-Instruct-2507,injury,10,1,0.6466666666666666,,0.0003,2,2,1
lora,Qwen3-4B-Instruct-2507,injury,25,0,0.7133333333333334,,0.0003,4,4,1
lora,Qwen3-4B-Instruct-2507,injury,25,1,0.6933333333333334,,0.0003,2,4,1
lora,Qwen3-4B-Instruct-2507,injury,50,0,0.8033333333333333,,0.0001,4,8,4
lora,Qwen3-4B-Instruct-2507,injury,50,1,0.7433333333333333,,0.0001,4,2,2
lora,Qwen3-4B-Instruct-2507,injury,100,0,0.7766666666666666,,0.0001,8,8,4
lora,Qwen3-4B-Instruct-2507,injury,100,1,0.8266666666666667,,0.0001,8,4,2
lora,Qwen3-4B-Instruct-2507,injury,200,0,0.88,,0.0001,4,4,2
lora,Qwen3-4B-Instruct-2507,injury,200,1,0.9033333333333332,,0.0001,2,8,1
lora,Qwen3-4B-Instruct-2507,currency,5,0,0.9766666666666668,,0.0003,2,8,4
lora,Qwen3-4B-Instruct-2507,currency,5,1,0.9666666666666668,,0.0001,8,2,0
lora,Qwen3-4B-Instruct-2507,currency,10,0,0.9833333333333332,,0.0001,2,2,3
lora,Qwen3-4B-Instruct-2507,currency,10,1,0.99,,0.0001,8,2,4
lora,Qwen3-4B-Instruct-2507,currency,25,0,0.99,,0.0001,4,4,1
lora,Qwen3-4B-Instruct-2507,currency,25,1,0.9866666666666668,,0.0001,4,2,1
lora,Qwen3-4B-Instruct-2507,currency,50,0,0.9766666666666668,,0.0001,2,4,2
lora,Qwen3-4B-Instruct-2507,currency,50,1,0.98,,0.0001,8,2,1
lora,Qwen3-4B-Instruct-2507,currency,100,0,0.9933333333333332,,0.0001,8,2,0
lora,Qwen3-4B-Instruct-2507,currency,100,1,0.9933333333333332,,0.0001,8,2,1
lora,Qwen3-4B-Instruct-2507,currency,200,0,0.9966666666666668,,0.0001,4,8,2
lora,Qwen3-4B-Instruct-2507,currency,200,1,0.99,,0.0001,8,2,4
lora,Qwen3-4B-Instruct-2507,dates,5,0,0.9,,0.0001,8,2,0
lora,Qwen3-4B-Instruct-2507,dates,5,1,0.9666666666666668,,0.0003,2,2,1
lora,Qwen3-4B-Instruct-2507,dates,10,0,0.8833333333333333,,0.0001,8,2,2
lora,Qwen3-4B-Instruct-2507,dates,10,1,0.9633333333333334,,0.0005,8,8,1
lora,Qwen3-4B-Instruct-2507,dates,25,0,0.8833333333333333,,0.0001,4,2,0
lora,Qwen3-4B-Instruct-2507,dates,25,1,0.95,,0.0001,8,2,0
lora,Qwen3-4B-Instruct-2507,dates,50,0,0.9933333333333332,,0.0001,8,2,1
lora,Qwen3-4B-Instruct-2507,dates,50,1,0.9766666666666668,,0.0001,4,2,1
lora,Qwen3-4B-Instruct-2507,dates,100,0,0.99,,0.0001,4,8,0
lora,Qwen3-4B-Instruct-2507,dates,100,1,0.9833333333333332,,0.0001,8,2,0
lora,Qwen3-4B-Instruct-2507,dates,200,0,0.9933333333333332,,0.0001,2,2,0
lora,Qwen3-4B-Instruct-2507,dates,200,1,0.9833333333333332,,0.0001,2,8,1
lora,Qwen3-4B-Instruct-2507,emoji,5,0,0.9966666666666668,,0.0001,8,2,0
lora,Qwen3-4B-Instruct-2507,emoji,5,1,0.9666666666666668,,0.0001,8,2,0
lora,Qwen3-4B-Instruct-2507,emoji,10,0,0.9966666666666668,,0.0001,8,2,1
lora,Qwen3-4B-Instruct-2507,emoji,10,1,0.9866666666666668,,0.0001,8,2,1
lora,Qwen3-4B-Instruct-2507,emoji,25,0,0.87,,0.0001,2,2,1
lora,Qwen3-4B-Instruct-2507,emoji,25,1,0.9533333333333334,,0.0003,4,2,1
lora,Qwen3-4B-Instruct-2507,emoji,50,0,0.9833333333333332,,0.0005,2,2,3
lora,Qwen3-4B-Instruct-2507,emoji,50,1,0.9766666666666668,,0.0003,8,2,4
lora,Qwen3-4B-Instruct-2507,emoji,100,0,0.9966666666666668,,0.0005,8,2,1
lora,Qwen3-4B-Instruct-2507,emoji,100,1,0.98,,0.0003,8,2,0
lora,Qwen3-4B-Instruct-2507,emoji,200,0,0.9966666666666668,,0.0003,2,2,0
lora,Qwen3-4B-Instruct-2507,emoji,200,1,0.9833333333333332,,0.0001,2,2,4
lora,Qwen3-4B-Instruct-2507,emoji_list,5,0,0.8933333333333333,,0.0001,2,4,1
lora,Qwen3-4B-Instruct-2507,emoji_list,5,1,0.7833333333333333,,0.0003,8,2,2
lora,Qwen3-4B-Instruct-2507,emoji_list,10,0,0.94,,0.0003,4,2,1
lora,Qwen3-4B-Instruct-2507,emoji_list,10,1,0.9,,0.0003,4,2,2
lora,Qwen3-4B-Instruct-2507,emoji_list,25,0,0.9766666666666668,,0.0001,8,8,1
lora,Qwen3-4B-Instruct-2507,emoji_list,25,1,0.97,,0.0001,2,2,1
lora,Qwen3-4B-Instruct-2507,emoji_list,50,0,0.9766666666666668,,0.0001,4,2,1
lora,Qwen3-4B-Instruct-2507,emoji_list,50,1,0.9733333333333334,,0.0001,4,2,0
lora,Qwen3-4B-Instruct-2507,emoji_list,100,0,0.94,,0.0001,2,8,0
lora,Qwen3-4B-Instruct-2507,emoji_list,100,1,0.9733333333333334,,0.0001,8,2,1
lora,Qwen3-4B-Instruct-2507,emoji_list,200,0,0.98,,0.0003,8,2,1
lora,Qwen3-4B-Instruct-2507,emoji_list,200,1,0.9866666666666668,,0.0003,4,2,1
lora,Qwen3-4B-Instruct-2507,replace,5,0,0.53,,0.0001,8,2,3
lora,Qwen3-4B-Instruct-2507,replace,5,1,0.78,,0.0003,8,2,4
lora,Qwen3-4B-Instruct-2507,replace,10,0,0.6,,0.0001,8,2,3
lora,Qwen3-4B-Instruct-2507,replace,10,1,0.5466666666666666,,0.0003,4,4,4
lora,Qwen3-4B-Instruct-2507,replace,25,0,0.7233333333333334,,0.0001,8,2,1
lora,Qwen3-4B-Instruct-2507,replace,25,1,0.7733333333333333,,0.0001,2,4,0
lora,Qwen3-4B-Instruct-2507,replace,50,0,0.8033333333333333,,0.0003,2,8,3
lora,Qwen3-4B-Instruct-2507,replace,50,1,0.8,,0.0005,8,2,0
lora,Qwen3-4B-Instruct-2507,replace,100,0,0.8633333333333333,,0.0003,4,4,1
lora,Qwen3-4B-Instruct-2507,replace,100,1,0.8633333333333333,,0.0001,2,4,2
lora,Qwen3-4B-Instruct-2507,replace,200,0,0.9033333333333332,,0.0003,8,4,2
lora,Qwen3-4B-Instruct-2507,replace,200,1,0.93,,0.0003,8,8,4
lora,Qwen3-4B-Instruct-2507,delete,5,0,0.7333333333333333,,0.0003,8,2,0
lora,Qwen3-4B-Instruct-2507,delete,5,1,0.76,,0.0005,8,2,0
lora,Qwen3-4B-Instruct-2507,delete,10,0,0.74,,0.0003,2,4,0
lora,Qwen3-4B-Instruct-2507,delete,10,1,0.7233333333333334,,0.0001,4,8,1
lora,Qwen3-4B-Instruct-2507,delete,25,0,0.8333333333333334,,0.0001,2,4,1
lora,Qwen3-4B-Instruct-2507,delete,25,1,0.8033333333333333,,0.0005,4,2,3
lora,Qwen3-4B-Instruct-2507,delete,50,0,0.83,,0.0003,2,2,2
lora,Qwen3-4B-Instruct-2507,delete,50,1,0.8733333333333333,,0.0001,4,4,3
lora,Qwen3-4B-Instruct-2507,delete,100,0,0.8666666666666667,,0.0003,4,8,3
lora,Qwen3-4B-Instruct-2507,delete,100,1,0.88,,0.0003,4,8,3
lora,Qwen3-4B-Instruct-2507,delete,200,0,0.9133333333333332,,0.0001,2,8,1
lora,Qwen3-4B-Instruct-2507,delete,200,1,0.88,,0.0001,8,4,0
lora,Qwen3-4B-Instruct-2507,insert_before,5,0,0.49,,0.0005,8,2,3
lora,Qwen3-4B-Instruct-2507,insert_before,5,1,0.58,,0.0003,2,4,3
lora,Qwen3-4B-Instruct-2507,insert_before,10,0,0.6466666666666666,,0.0001,8,4,0
lora,Qwen3-4B-Instruct-2507,insert_before,10,1,0.69,,0.0001,4,2,2
lora,Qwen3-4B-Instruct-2507,insert_before,25,0,0.68,,0.0001,4,4,2
lora,Qwen3-4B-Instruct-2507,insert_before,25,1,0.9033333333333332,,0.0003,2,8,2
lora,Qwen3-4B-Instruct-2507,insert_before,50,0,0.8966666666666666,,0.0001,2,8,3
lora,Qwen3-4B-Instruct-2507,insert_before,50,1,0.8433333333333334,,0.0001,2,4,3
lora,Qwen3-4B-Instruct-2507,insert_before,100,0,0.9666666666666668,,0.0003,8,8,1
lora,Qwen3-4B-Instruct-2507,insert_before,100,1,0.94,,0.0001,2,8,2
lora,Qwen3-4B-Instruct-2507,insert_before,200,0,0.9533333333333334,,0.0001,8,4,2
lora,Qwen3-4B-Instruct-2507,insert_before,200,1,0.9433333333333334,,0.0001,4,8,1
lora,Qwen3-4B-Instruct-2507,text2sql,5,0,0.8633333333333333,,0.0001,8,2,0
lora,Qwen3-4B-Instruct-2507,text2sql,5,1,0.9,,0.0001,4,2,2
lora,Qwen3-4B-Instruct-2507,text2sql,10,0,0.7233333333333334,,0.0003,2,2,2
lora,Qwen3-4B-Instruct-2507,text2sql,10,1,0.8866666666666667,,0.0001,8,2,2
lora,Qwen3-4B-Instruct-2507,text2sql,25,0,0.8833333333333333,,0.0003,8,2,1
lora,Qwen3-4B-Instruct-2507,text2sql,25,1,0.8366666666666667,,0.0003,4,8,2
lora,Qwen3-4B-Instruct-2507,text2sql,50,0,0.8933333333333333,,0.0001,4,8,3
lora,Qwen3-4B-Instruct-2507,text2sql,50,1,0.8866666666666667,,0.0001,8,8,4
lora,Qwen3-4B-Instruct-2507,text2sql,100,0,0.8833333333333333,,0.0001,2,4,4
lora,Qwen3-4B-Instruct-2507,text2sql,100,1,0.9033333333333332,,0.0001,8,4,4
lora,Qwen3-4B-Instruct-2507,text2sql,200,0,0.9066666666666666,,0.0001,8,4,1
lora,Qwen3-4B-Instruct-2507,text2sql,200,1,0.89,,0.0001,4,4,2
lora,Qwen3-4B-Instruct-2507,docstring,5,0,0.6866666666666666,,0.0005,8,8,2
lora,Qwen3-4B-Instruct-2507,docstring,5,1,0.8866666666666667,,0.0001,8,2,3
lora,Qwen3-4B-Instruct-2507,docstring,10,0,0.8266666666666667,,0.0005,2,2,2
lora,Qwen3-4B-Instruct-2507,docstring,10,1,0.8766666666666667,,0.0001,8,2,1
lora,Qwen3-4B-Instruct-2507,docstring,25,0,0.8966666666666666,,0.0001,2,4,0
lora,Qwen3-4B-Instruct-2507,docstring,25,1,0.9,,0.0001,4,8,2
lora,Qwen3-4B-Instruct-2507,docstring,50,0,0.9066666666666666,,0.0003,4,4,3
lora,Qwen3-4B-Instruct-2507,docstring,50,1,0.8933333333333333,,0.0001,2,2,1
lora,Qwen3-4B-Instruct-2507,docstring,100,0,0.8933333333333333,,0.0001,2,2,3
lora,Qwen3-4B-Instruct-2507,docstring,100,1,0.9166666666666666,,0.0001,8,4,3
lora,Qwen3-4B-Instruct-2507,docstring,200,0,0.8966666666666666,,0.0001,2,4,3
lora,Qwen3-4B-Instruct-2507,docstring,200,1,0.89,,0.0001,8,2,3
lora,Qwen3-4B-Instruct-2507,pii,5,0,0.6033333333333334,,0.0001,8,2,3
lora,Qwen3-4B-Instruct-2507,pii,5,1,0.6633333333333333,,0.0001,4,2,3
lora,Qwen3-4B-Instruct-2507,pii,10,0,0.55,,0.0003,8,8,2
lora,Qwen3-4B-Instruct-2507,pii,10,1,0.7366666666666667,,0.0003,4,4,3
lora,Qwen3-4B-Instruct-2507,pii,25,0,0.7633333333333333,,0.0001,4,8,0
lora,Qwen3-4B-Instruct-2507,pii,25,1,0.77,,0.0001,2,8,0
lora,Qwen3-4B-Instruct-2507,pii,50,0,0.81,,0.0001,4,8,1
lora,Qwen3-4B-Instruct-2507,pii,50,1,0.7566666666666667,,0.0001,8,8,1
lora,Qwen3-4B-Instruct-2507,pii,100,0,0.87,,0.0001,2,8,4
lora,Qwen3-4B-Instruct-2507,pii,100,1,0.87,,0.0003,4,8,2
lora,Qwen3-4B-Instruct-2507,pii,200,0,0.8666666666666667,,0.0001,4,8,1
lora,Qwen3-4B-Instruct-2507,pii,200,1,0.91,,0.0001,4,8,3
gepa,Qwen3-0.6B,acebench_hard,5,0,0.0,,,,,1
gepa,Qwen3-0.6B,acebench_hard,5,1,0.0,,,,,1
gepa,Qwen3-0.6B,acebench_hard,10,0,0.05,,,,,1
gepa,Qwen3-0.6B,acebench_hard,10,1,0.0,,,,,1
gepa,Qwen3-0.6B,acebench_hard,25,0,0.12666666666666668,,,,,1
gepa,Qwen3-0.6B,acebench_hard,25,1,0.05,,,,,1
gepa,Qwen3-0.6B,acebench_hard,50,0,0.08,,,,,1
gepa,Qwen3-0.6B,acebench_hard,50,1,0.04666666666666667,,,,,1
gepa,Qwen3-0.6B,acebench_hard,100,0,0.08666666666666667,,,,,1
gepa,Qwen3-0.6B,acebench_hard,100,1,0.12333333333333334,,,,,1
gepa,Qwen3-0.6B,acebench_hard,200,0,0.17,,,,,0
gepa,Qwen3-0.6B,acebench_hard,200,1,0.16333333333333333,,,,,0
gepa,Qwen3-0.6B,acebench_medium,5,0,0.15333333333333332,,,,,1
gepa,Qwen3-0.6B,acebench_medium,5,1,0.31,,,,,0
gepa,Qwen3-0.6B,acebench_medium,10,0,0.43333333333333335,,,,,0
gepa,Qwen3-0.6B,acebench_medium,10,1,0.5533333333333333,,,,,0
gepa,Qwen3-0.6B,acebench_medium,25,0,0.55,,,,,1
gepa,Qwen3-0.6B,acebench_medium,25,1,0.63,,,,,1
gepa,Qwen3-0.6B,acebench_medium,50,0,0.5066666666666667,,,,,1
gepa,Qwen3-0.6B,acebench_medium,50,1,0.7666666666666667,,,,,1
gepa,Qwen3-0.6B,acebench_medium,100,0,0.6833333333333333,,,,,0
gepa,Qwen3-0.6B,acebench_medium,100,1,0.6566666666666666,,,,,1
gepa,Qwen3-0.6B,acebench_medium,200,0,0.5666666666666667,,,,,0
gepa,Qwen3-0.6B,acebench_medium,200,1,0.8166666666666667,,,,,0
gepa,Qwen3-0.6B,smart_home,5,0,0.7333333333333333,,,,,1
gepa,Qwen3-0.6B,smart_home,5,1,0.8366666666666667,,,,,1
gepa,Qwen3-0.6B,smart_home,10,0,0.8466666666666667,,,,,0
gepa,Qwen3-0.6B,smart_home,10,1,0.7366666666666667,,,,,1
gepa,Qwen3-0.6B,smart_home,25,0,0.81,,,,,0
gepa,Qwen3-0.6B,smart_home,25,1,0.8433333333333334,,,,,1
gepa,Qwen3-0.6B,smart_home,50,0,0.8466666666666667,,,,,1
gepa,Qwen3-0.6B,smart_home,50,1,0.8433333333333334,,,,,1
gepa,Qwen3-0.6B,smart_home,100,0,0.8866666666666667,,,,,1
gepa,Qwen3-0.6B,smart_home,100,1,0.88,,,,,1
gepa,Qwen3-0.6B,smart_home,200,0,0.88,,,,,1
gepa,Qwen3-0.6B,smart_home,200,1,0.89,,,,,0
gepa,Qwen3-0.6B,git_assistant,5,0,0.4266666666666667,,,,,1
gepa,Qwen3-0.6B,git_assistant,5,1,0.3466666666666667,,,,,0
gepa,Qwen3-0.6B,git_assistant,10,0,0.33,,,,,0
gepa,Qwen3-0.6B,git_assistant,10,1,0.45666666666666667,,,,,0
gepa,Qwen3-0.6B,git_assistant,25,0,0.44333333333333336,,,,,0
gepa,Qwen3-0.6B,git_assistant,25,1,0.5533333333333333,,,,,1
gepa,Qwen3-0.6B,git_assistant,50,0,0.4166666666666667,,,,,0
gepa,Qwen3-0.6B,git_assistant,50,1,0.4266666666666667,,,,,1
gepa,Qwen3-0.6B,git_assistant,100,0,0.4666666666666667,,,,,1
gepa,Qwen3-0.6B,git_assistant,100,1,0.48333333333333334,,,,,1
gepa,Qwen3-0.6B,git_assistant,200,0,0.5666666666666667,,,,,1
gepa,Qwen3-0.6B,git_assistant,200,1,0.5866666666666667,,,,,1
gepa,Qwen3-0.6B,trec,5,0,0.35333333333333333,,,,,1
gepa,Qwen3-0.6B,trec,5,1,0.5266666666666666,,,,,0
gepa,Qwen3-0.6B,trec,10,0,0.4266666666666667,,,,,1
gepa,Qwen3-0.6B,trec,10,1,0.5833333333333334,,,,,1
gepa,Qwen3-0.6B,trec,25,0,0.5333333333333333,,,,,0
gepa,Qwen3-0.6B,trec,25,1,0.4866666666666667,,,,,1
gepa,Qwen3-0.6B,trec,50,0,0.53,,,,,1
gepa,Qwen3-0.6B,trec,50,1,0.6366666666666667,,,,,1
gepa,Qwen3-0.6B,trec,100,0,0.5433333333333333,,,,,0
gepa,Qwen3-0.6B,trec,100,1,0.61,,,,,1
gepa,Qwen3-0.6B,trec,200,0,0.69,,,,,0
gepa,Qwen3-0.6B,trec,200,1,0.66,,,,,1
gepa,Qwen3-0.6B,ecommerce,5,0,0.42333333333333334,,,,,0
gepa,Qwen3-0.6B,ecommerce,5,1,0.2866666666666667,,,,,1
gepa,Qwen3-0.6B,ecommerce,10,0,0.27666666666666667,,,,,1
gepa,Qwen3-0.6B,ecommerce,10,1,0.45,,,,,1
gepa,Qwen3-0.6B,ecommerce,25,0,0.7033333333333334,,,,,1
gepa,Qwen3-0.6B,ecommerce,25,1,0.48,,,,,1
gepa,Qwen3-0.6B,ecommerce,50,0,0.6266666666666667,,,,,0
gepa,Qwen3-0.6B,ecommerce,50,1,0.59,,,,,1
gepa,Qwen3-0.6B,ecommerce,100,0,0.7133333333333334,,,,,1
gepa,Qwen3-0.6B,ecommerce,100,1,0.7033333333333334,,,,,1
gepa,Qwen3-0.6B,ecommerce,200,0,0.6166666666666667,,,,,1
gepa,Qwen3-0.6B,ecommerce,200,1,0.72,,,,,0
gepa,Qwen3-0.6B,injury,5,0,0.18666666666666668,,,,,1
gepa,Qwen3-0.6B,injury,5,1,0.19,,,,,1
gepa,Qwen3-0.6B,injury,10,0,0.33666666666666667,,,,,1
gepa,Qwen3-0.6B,injury,10,1,0.3233333333333333,,,,,1
gepa,Qwen3-0.6B,injury,25,0,0.36666666666666664,,,,,1
gepa,Qwen3-0.6B,injury,25,1,0.3566666666666667,,,,,0
gepa,Qwen3-0.6B,injury,50,0,0.3933333333333333,,,,,1
gepa,Qwen3-0.6B,injury,50,1,0.29333333333333333,,,,,1
gepa,Qwen3-0.6B,injury,100,0,0.4633333333333333,,,,,0
gepa,Qwen3-0.6B,injury,100,1,0.39,,,,,1
gepa,Qwen3-0.6B,injury,200,0,0.49666666666666665,,,,,0
gepa,Qwen3-0.6B,injury,200,1,0.37,,,,,1
gepa,Qwen3-0.6B,currency,5,0,0.47333333333333333,,,,,0
gepa,Qwen3-0.6B,currency,5,1,0.42,,,,,1
gepa,Qwen3-0.6B,currency,10,0,0.4766666666666667,,,,,0
gepa,Qwen3-0.6B,currency,10,1,0.5666666666666667,,,,,0
gepa,Qwen3-0.6B,currency,25,0,0.64,,,,,0
gepa,Qwen3-0.6B,currency,25,1,0.5033333333333333,,,,,1
gepa,Qwen3-0.6B,currency,50,0,0.5633333333333334,,,,,0
gepa,Qwen3-0.6B,currency,50,1,0.6466666666666666,,,,,1
gepa,Qwen3-0.6B,currency,100,0,0.6933333333333334,,,,,1
gepa,Qwen3-0.6B,currency,100,1,0.6666666666666666,,,,,0
gepa,Qwen3-0.6B,currency,200,0,0.7666666666666667,,,,,0
gepa,Qwen3-0.6B,currency,200,1,0.59,,,,,0
gepa,Qwen3-0.6B,dates,5,0,0.22666666666666666,,,,,0
gepa,Qwen3-0.6B,dates,5,1,0.24333333333333335,,,,,1
gepa,Qwen3-0.6B,dates,10,0,0.31666666666666665,,,,,1
gepa,Qwen3-0.6B,dates,10,1,0.18333333333333332,,,,,0
gepa,Qwen3-0.6B,dates,25,0,0.23333333333333334,,,,,0
gepa,Qwen3-0.6B,dates,25,1,0.30666666666666664,,,,,0
gepa,Qwen3-0.6B,dates,50,0,0.30333333333333334,,,,,0
gepa,Qwen3-0.6B,dates,50,1,0.4033333333333333,,,,,1
gepa,Qwen3-0.6B,dates,100,0,0.18666666666666668,,,,,1
gepa,Qwen3-0.6B,dates,100,1,0.33666666666666667,,,,,0
gepa,Qwen3-0.6B,dates,200,0,0.3233333333333333,,,,,1
gepa,Qwen3-0.6B,dates,200,1,0.3433333333333333,,,,,1
gepa,Qwen3-0.6B,emoji,5,0,0.49333333333333335,,,,,1
gepa,Qwen3-0.6B,emoji,5,1,0.49666666666666665,,,,,0
gepa,Qwen3-0.6B,emoji,10,0,0.9533333333333334,,,,,1
gepa,Qwen3-0.6B,emoji,10,1,0.95,,,,,1
gepa,Qwen3-0.6B,emoji,25,0,0.88,,,,,1
gepa,Qwen3-0.6B,emoji,25,1,0.9633333333333334,,,,,1
gepa,Qwen3-0.6B,emoji,50,0,0.95,,,,,1
gepa,Qwen3-0.6B,emoji,50,1,0.8766666666666667,,,,,0
gepa,Qwen3-0.6B,emoji,100,0,0.97,,,,,0
gepa,Qwen3-0.6B,emoji,100,1,0.9833333333333333,,,,,1
gepa,Qwen3-0.6B,emoji,200,0,0.9866666666666667,,,,,0
gepa,Qwen3-0.6B,emoji,200,1,0.9733333333333334,,,,,1
gepa,Qwen3-0.6B,emoji_list,5,0,0.4633333333333333,,,,,1
gepa,Qwen3-0.6B,emoji_list,5,1,0.2866666666666667,,,,,1
gepa,Qwen3-0.6B,emoji_list,10,0,0.24333333333333335,,,,,0
gepa,Qwen3-0.6B,emoji_list,10,1,0.10666666666666667,,,,,1
gepa,Qwen3-0.6B,emoji_list,25,0,0.19333333333333333,,,,,0
gepa,Qwen3-0.6B,emoji_list,25,1,0.14333333333333334,,,,,0
gepa,Qwen3-0.6B,emoji_list,50,0,0.4033333333333333,,,,,1
gepa,Qwen3-0.6B,emoji_list,50,1,0.5,,,,,1
gepa,Qwen3-0.6B,emoji_list,100,0,0.6466666666666666,,,,,1
gepa,Qwen3-0.6B,emoji_list,100,1,0.78,,,,,1
gepa,Qwen3-0.6B,emoji_list,200,0,0.48333333333333334,,,,,0
gepa,Qwen3-0.6B,emoji_list,200,1,0.49333333333333335,,,,,1
gepa,Qwen3-0.6B,replace,5,0,0.18666666666666668,,,,,1
gepa,Qwen3-0.6B,replace,5,1,0.14333333333333334,,,,,1
gepa,Qwen3-0.6B,replace,10,0,0.18333333333333332,,,,,1
gepa,Qwen3-0.6B,replace,10,1,0.15666666666666668,,,,,1
gepa,Qwen3-0.6B,replace,25,0,0.28,,,,,0
gepa,Qwen3-0.6B,replace,25,1,0.27666666666666667,,,,,0
gepa,Qwen3-0.6B,replace,50,0,0.2833333333333333,,,,,1
gepa,Qwen3-0.6B,replace,50,1,0.2966666666666667,,,,,1
gepa,Qwen3-0.6B,replace,100,0,0.31333333333333335,,,,,1
gepa,Qwen3-0.6B,replace,100,1,0.26,,,,,0
gepa,Qwen3-0.6B,replace,200,0,0.27,,,,,0
gepa,Qwen3-0.6B,replace,200,1,0.28,,,,,1
gepa,Qwen3-0.6B,delete,5,0,0.0,,,,,1
gepa,Qwen3-0.6B,delete,5,1,0.0,,,,,1
gepa,Qwen3-0.6B,delete,10,0,0.0,,,,,1
gepa,Qwen3-0.6B,delete,10,1,0.0,,,,,1
gepa,Qwen3-0.6B,delete,25,0,0.0,,,,,1
gepa,Qwen3-0.6B,delete,25,1,0.0,,,,,1
gepa,Qwen3-0.6B,delete,50,0,0.0033333333333333335,,,,,0
gepa,Qwen3-0.6B,delete,50,1,0.0,,,,,1
gepa,Qwen3-0.6B,delete,100,0,0.0,,,,,0
gepa,Qwen3-0.6B,delete,100,1,0.0,,,,,1
gepa,Qwen3-0.6B,delete,200,0,0.0033333333333333335,,,,,1
gepa,Qwen3-0.6B,delete,200,1,0.0033333333333333335,,,,,1
gepa,Qwen3-0.6B,insert_before,5,0,0.08,,,,,1
gepa,Qwen3-0.6B,insert_before,5,1,0.0,,,,,1
gepa,Qwen3-0.6B,insert_before,10,0,0.07,,,,,1
gepa,Qwen3-0.6B,insert_before,10,1,0.0033333333333333335,,,,,1
gepa,Qwen3-0.6B,insert_before,25,0,0.09,,,,,1
gepa,Qwen3-0.6B,insert_before,25,1,0.04,,,,,0
gepa,Qwen3-0.6B,insert_before,50,0,0.0,,,,,1
gepa,Qwen3-0.6B,insert_before,50,1,0.04,,,,,0
gepa,Qwen3-0.6B,insert_before,100,0,0.06,,,,,1
gepa,Qwen3-0.6B,insert_before,100,1,0.04666666666666667,,,,,1
gepa,Qwen3-0.6B,insert_before,200,0,0.07,,,,,1
gepa,Qwen3-0.6B,insert_before,200,1,0.08333333333333333,,,,,1
gepa,Qwen3-0.6B,text2sql,5,0,0.5433333333333333,,,,,1
gepa,Qwen3-0.6B,text2sql,5,1,0.5333333333333333,,,,,1
gepa,Qwen3-0.6B,text2sql,10,0,0.5433333333333333,,,,,1
gepa,Qwen3-0.6B,text2sql,10,1,0.51,,,,,1
gepa,Qwen3-0.6B,text2sql,25,0,0.5633333333333334,,,,,1
gepa,Qwen3-0.6B,text2sql,25,1,0.53,,,,,1
gepa,Qwen3-0.6B,text2sql,50,0,0.42,,,,,0
gepa,Qwen3-0.6B,text2sql,50,1,0.5233333333333333,,,,,0
gepa,Qwen3-0.6B,text2sql,100,0,0.56,,,,,1
gepa,Qwen3-0.6B,text2sql,100,1,0.54,,,,,1
gepa,Qwen3-0.6B,text2sql,200,0,0.53,,,,,1
gepa,Qwen3-0.6B,text2sql,200,1,0.54,,,,,0
gepa,Qwen3-0.6B,docstring,5,0,0.54,,,,,1
gepa,Qwen3-0.6B,docstring,5,1,0.5833333333333334,,,,,1
gepa,Qwen3-0.6B,docstring,10,0,0.5533333333333333,,,,,1
gepa,Qwen3-0.6B,docstring,10,1,0.55,,,,,1
gepa,Qwen3-0.6B,docstring,25,0,0.6433333333333333,,,,,1
gepa,Qwen3-0.6B,docstring,25,1,0.6966666666666667,,,,,0
gepa,Qwen3-0.6B,docstring,50,0,0.6733333333333333,,,,,0
gepa,Qwen3-0.6B,docstring,50,1,0.6266666666666667,,,,,1
gepa,Qwen3-0.6B,docstring,100,0,0.7333333333333333,,,,,1
gepa,Qwen3-0.6B,docstring,100,1,0.7,,,,,1
gepa,Qwen3-0.6B,docstring,200,0,0.6633333333333333,,,,,1
gepa,Qwen3-0.6B,docstring,200,1,0.7166666666666667,,,,,0
gepa,Qwen3-0.6B,pii,5,0,0.0,,,,,1
gepa,Qwen3-0.6B,pii,5,1,0.0,,,,,1
gepa,Qwen3-0.6B,pii,10,0,0.0,,,,,1
gepa,Qwen3-0.6B,pii,10,1,0.0,,,,,1
gepa,Qwen3-0.6B,pii,25,0,0.0,,,,,1
gepa,Qwen3-0.6B,pii,25,1,0.0,,,,,1
gepa,Qwen3-0.6B,pii,50,0,0.0,,,,,1
gepa,Qwen3-0.6B,pii,50,1,0.0,,,,,1
gepa,Qwen3-0.6B,pii,100,0,0.0,,,,,1
gepa,Qwen3-0.6B,pii,100,1,0.0,,,,,1
gepa,Qwen3-0.6B,pii,200,0,0.0,,,,,1
gepa,Qwen3-0.6B,pii,200,1,0.0,,,,,1
gepa,Qwen3-1.7B,acebench_hard,5,0,0.51,,,,,1
gepa,Qwen3-1.7B,acebench_hard,5,1,0.08333333333333333,,,,,0
gepa,Qwen3-1.7B,acebench_hard,10,0,0.44,,,,,1
gepa,Qwen3-1.7B,acebench_hard,10,1,0.38666666666666666,,,,,0
gepa,Qwen3-1.7B,acebench_hard,25,0,0.5133333333333333,,,,,0
gepa,Qwen3-1.7B,acebench_hard,25,1,0.38333333333333336,,,,,1
gepa,Qwen3-1.7B,acebench_hard,50,0,0.4633333333333333,,,,,0
gepa,Qwen3-1.7B,acebench_hard,50,1,0.51,,,,,1
gepa,Qwen3-1.7B,acebench_hard,100,0,0.57,,,,,0
gepa,Qwen3-1.7B,acebench_hard,100,1,0.45666666666666667,,,,,1
gepa,Qwen3-1.7B,acebench_hard,200,0,0.5533333333333333,,,,,0
gepa,Qwen3-1.7B,acebench_hard,200,1,0.59,,,,,1
gepa,Qwen3-1.7B,acebench_medium,5,0,0.81,,,,,1
gepa,Qwen3-1.7B,acebench_medium,5,1,0.8933333333333333,,,,,1
gepa,Qwen3-1.7B,acebench_medium,10,0,0.8633333333333333,,,,,0
gepa,Qwen3-1.7B,acebench_medium,10,1,0.8066666666666666,,,,,1
gepa,Qwen3-1.7B,acebench_medium,25,0,0.9566666666666667,,,,,0
gepa,Qwen3-1.7B,acebench_medium,25,1,0.9433333333333334,,,,,0
gepa,Qwen3-1.7B,acebench_medium,50,0,0.9533333333333334,,,,,0
gepa,Qwen3-1.7B,acebench_medium,50,1,0.94,,,,,0
gepa,Qwen3-1.7B,acebench_medium,100,0,0.9366666666666666,,,,,1
gepa,Qwen3-1.7B,acebench_medium,100,1,0.9866666666666667,,,,,0
gepa,Qwen3-1.7B,acebench_medium,200,0,0.9466666666666667,,,,,0
gepa,Qwen3-1.7B,acebench_medium,200,1,0.9633333333333334,,,,,1
gepa,Qwen3-1.7B,smart_home,5,0,0.8866666666666667,,,,,1
gepa,Qwen3-1.7B,smart_home,5,1,0.8866666666666667,,,,,1
gepa,Qwen3-1.7B,smart_home,10,0,0.8866666666666667,,,,,1
gepa,Qwen3-1.7B,smart_home,10,1,0.8866666666666667,,,,,1
gepa,Qwen3-1.7B,smart_home,25,0,0.8866666666666667,,,,,1
gepa,Qwen3-1.7B,smart_home,25,1,0.8866666666666667,,,,,1
gepa,Qwen3-1.7B,smart_home,50,0,0.8866666666666667,,,,,1
gepa,Qwen3-1.7B,smart_home,50,1,0.8966666666666666,,,,,1
gepa,Qwen3-1.7B,smart_home,100,0,0.9166666666666666,,,,,1
gepa,Qwen3-1.7B,smart_home,100,1,0.9,,,,,0
gepa,Qwen3-1.7B,smart_home,200,0,0.92,,,,,1
gepa,Qwen3-1.7B,smart_home,200,1,0.9166666666666666,,,,,1
gepa,Qwen3-1.7B,git_assistant,5,0,0.5866666666666667,,,,,1
gepa,Qwen3-1.7B,git_assistant,5,1,0.68,,,,,1
gepa,Qwen3-1.7B,git_assistant,10,0,0.6433333333333333,,,,,1
gepa,Qwen3-1.7B,git_assistant,10,1,0.59,,,,,0
gepa,Qwen3-1.7B,git_assistant,25,0,0.6433333333333333,,,,,1
gepa,Qwen3-1.7B,git_assistant,25,1,0.5666666666666667,,,,,0
gepa,Qwen3-1.7B,git_assistant,50,0,0.71,,,,,1
gepa,Qwen3-1.7B,git_assistant,50,1,0.7133333333333334,,,,,1
gepa,Qwen3-1.7B,git_assistant,100,0,0.7,,,,,1
gepa,Qwen3-1.7B,git_assistant,100,1,0.6066666666666667,,,,,1
gepa,Qwen3-1.7B,git_assistant,200,0,0.7433333333333333,,,,,0
gepa,Qwen3-1.7B,git_assistant,200,1,0.7033333333333334,,,,,1
gepa,Qwen3-1.7B,trec,5,0,0.5966666666666667,,,,,1
gepa,Qwen3-1.7B,trec,5,1,0.5933333333333334,,,,,1
gepa,Qwen3-1.7B,trec,10,0,0.68,,,,,1
gepa,Qwen3-1.7B,trec,10,1,0.6533333333333333,,,,,1
gepa,Qwen3-1.7B,trec,25,0,0.64,,,,,1
gepa,Qwen3-1.7B,trec,25,1,0.65,,,,,1
gepa,Qwen3-1.7B,trec,50,0,0.6133333333333333,,,,,0
gepa,Qwen3-1.7B,trec,50,1,0.6466666666666666,,,,,0
gepa,Qwen3-1.7B,trec,100,0,0.6666666666666666,,,,,1
gepa,Qwen3-1.7B,trec,100,1,0.65,,,,,0
gepa,Qwen3-1.7B,trec,200,0,0.7166666666666667,,,,,0
gepa,Qwen3-1.7B,trec,200,1,0.6566666666666666,,,,,0
gepa,Qwen3-1.7B,ecommerce,5,0,0.8166666666666667,,,,,1
gepa,Qwen3-1.7B,ecommerce,5,1,0.49333333333333335,,,,,1
gepa,Qwen3-1.7B,ecommerce,10,0,0.8033333333333333,,,,,0
gepa,Qwen3-1.7B,ecommerce,10,1,0.75,,,,,0
gepa,Qwen3-1.7B,ecommerce,25,0,0.84,,,,,0
gepa,Qwen3-1.7B,ecommerce,25,1,0.8166666666666667,,,,,1
gepa,Qwen3-1.7B,ecommerce,50,0,0.8266666666666667,,,,,1
gepa,Qwen3-1.7B,ecommerce,50,1,0.8433333333333334,,,,,0
gepa,Qwen3-1.7B,ecommerce,100,0,0.8433333333333334,,,,,0
gepa,Qwen3-1.7B,ecommerce,100,1,0.85,,,,,1
gepa,Qwen3-1.7B,ecommerce,200,0,0.8433333333333334,,,,,0
gepa,Qwen3-1.7B,ecommerce,200,1,0.8333333333333334,,,,,1
gepa,Qwen3-1.7B,injury,5,0,0.6966666666666667,,,,,0
gepa,Qwen3-1.7B,injury,5,1,0.5833333333333334,,,,,1
gepa,Qwen3-1.7B,injury,10,0,0.59,,,,,1
gepa,Qwen3-1.7B,injury,10,1,0.5833333333333334,,,,,1
gepa,Qwen3-1.7B,injury,25,0,0.64,,,,,0
gepa,Qwen3-1.7B,injury,25,1,0.64,,,,,0
gepa,Qwen3-1.7B,injury,50,0,0.7066666666666667,,,,,0
gepa,Qwen3-1.7B,injury,50,1,0.6533333333333333,,,,,1
gepa,Qwen3-1.7B,injury,100,0,0.76,,,,,1
gepa,Qwen3-1.7B,injury,100,1,0.66,,,,,0
gepa,Qwen3-1.7B,injury,200,0,0.7733333333333333,,,,,0
gepa,Qwen3-1.7B,injury,200,1,0.77,,,,,0
gepa,Qwen3-1.7B,currency,5,0,0.5733333333333334,,,,,0
gepa,Qwen3-1.7B,currency,5,1,0.56,,,,,1
gepa,Qwen3-1.7B,currency,10,0,0.8733333333333333,,,,,1
gepa,Qwen3-1.7B,currency,10,1,0.6966666666666667,,,,,1
gepa,Qwen3-1.7B,currency,25,0,0.87,,,,,1
gepa,Qwen3-1.7B,currency,25,1,0.88,,,,,1
gepa,Qwen3-1.7B,currency,50,0,0.8466666666666667,,,,,1
gepa,Qwen3-1.7B,currency,50,1,0.84,,,,,0
gepa,Qwen3-1.7B,currency,100,0,0.8366666666666667,,,,,0
gepa,Qwen3-1.7B,currency,100,1,0.8966666666666666,,,,,1
gepa,Qwen3-1.7B,currency,200,0,0.8933333333333333,,,,,0
gepa,Qwen3-1.7B,currency,200,1,0.89,,,,,1
gepa,Qwen3-1.7B,dates,5,0,0.52,,,,,1
gepa,Qwen3-1.7B,dates,5,1,0.5266666666666666,,,,,1
gepa,Qwen3-1.7B,dates,10,0,0.6933333333333334,,,,,0
gepa,Qwen3-1.7B,dates,10,1,0.6433333333333333,,,,,1
gepa,Qwen3-1.7B,dates,25,0,0.6533333333333333,,,,,1
gepa,Qwen3-1.7B,dates,25,1,0.7933333333333333,,,,,1
gepa,Qwen3-1.7B,dates,50,0,0.8,,,,,1
gepa,Qwen3-1.7B,dates,50,1,0.6966666666666667,,,,,1
gepa,Qwen3-1.7B,dates,100,0,0.7666666666666667,,,,,1
gepa,Qwen3-1.7B,dates,100,1,0.7366666666666667,,,,,1
gepa,Qwen3-1.7B,dates,200,0,0.8066666666666666,,,,,1
gepa,Qwen3-1.7B,dates,200,1,0.7933333333333333,,,,,0
gepa,Qwen3-1.7B,emoji,5,0,0.8233333333333334,,,,,1
gepa,Qwen3-1.7B,emoji,5,1,0.8333333333333334,,,,,1
gepa,Qwen3-1.7B,emoji,10,0,0.84,,,,,1
gepa,Qwen3-1.7B,emoji,10,1,0.8366666666666667,,,,,1
gepa,Qwen3-1.7B,emoji,25,0,0.9433333333333334,,,,,0
gepa,Qwen3-1.7B,emoji,25,1,0.9933333333333333,,,,,0
gepa,Qwen3-1.7B,emoji,50,0,0.9266666666666666,,,,,1
gepa,Qwen3-1.7B,emoji,50,1,0.95,,,,,1
gepa,Qwen3-1.7B,emoji,100,0,0.96,,,,,1
gepa,Qwen3-1.7B,emoji,100,1,0.9633333333333334,,,,,0
gepa,Qwen3-1.7B,emoji,200,0,0.9766666666666667,,,,,0
gepa,Qwen3-1.7B,emoji,200,1,0.9933333333333333,,,,,0
gepa,Qwen3-1.7B,emoji_list,5,0,0.8433333333333334,,,,,1
gepa,Qwen3-1.7B,emoji_list,5,1,0.7933333333333333,,,,,1
gepa,Qwen3-1.7B,emoji_list,10,0,0.9366666666666666,,,,,0
gepa,Qwen3-1.7B,emoji_list,10,1,0.6666666666666666,,,,,1
gepa,Qwen3-1.7B,emoji_list,25,0,0.7333333333333333,,,,,1
gepa,Qwen3-1.7B,emoji_list,25,1,0.5666666666666667,,,,,1
gepa,Qwen3-1.7B,emoji_list,50,0,0.87,,,,,0
gepa,Qwen3-1.7B,emoji_list,50,1,0.7433333333333333,,,,,0
gepa,Qwen3-1.7B,emoji_list,100,0,0.8733333333333333,,,,,1
gepa,Qwen3-1.7B,emoji_list,100,1,0.6933333333333334,,,,,0
gepa,Qwen3-1.7B,emoji_list,200,0,0.7466666666666667,,,,,1
gepa,Qwen3-1.7B,emoji_list,200,1,0.9166666666666666,,,,,0
gepa,Qwen3-1.7B,replace,5,0,0.13333333333333333,,,,,1
gepa,Qwen3-1.7B,replace,5,1,0.14666666666666667,,,,,1
gepa,Qwen3-1.7B,replace,10,0,0.49333333333333335,,,,,1
gepa,Qwen3-1.7B,replace,10,1,0.46,,,,,1
gepa,Qwen3-1.7B,replace,25,0,0.5366666666666666,,,,,1
gepa,Qwen3-1.7B,replace,25,1,0.5,,,,,0
gepa,Qwen3-1.7B,replace,50,0,0.5866666666666667,,,,,0
gepa,Qwen3-1.7B,replace,50,1,0.5866666666666667,,,,,1
gepa,Qwen3-1.7B,replace,100,0,0.5,,,,,0
gepa,Qwen3-1.7B,replace,100,1,0.59,,,,,0
gepa,Qwen3-1.7B,replace,200,0,0.5966666666666667,,,,,1
gepa,Qwen3-1.7B,replace,200,1,0.5366666666666666,,,,,0
gepa,Qwen3-1.7B,delete,5,0,0.02666666666666667,,,,,1
gepa,Qwen3-1.7B,delete,5,1,0.03,,,,,1
gepa,Qwen3-1.7B,delete,10,0,0.03,,,,,1
gepa,Qwen3-1.7B,delete,10,1,0.03,,,,,1
gepa,Qwen3-1.7B,delete,25,0,0.023333333333333334,,,,,1
gepa,Qwen3-1.7B,delete,25,1,0.08,,,,,0
gepa,Qwen3-1.7B,delete,50,0,0.03333333333333333,,,,,1
gepa,Qwen3-1.7B,delete,50,1,0.16666666666666666,,,,,1
gepa,Qwen3-1.7B,delete,100,0,0.07,,,,,0
gepa,Qwen3-1.7B,delete,100,1,0.15,,,,,1
gepa,Qwen3-1.7B,delete,200,0,0.12666666666666668,,,,,1
gepa,Qwen3-1.7B,delete,200,1,0.15666666666666668,,,,,1
gepa,Qwen3-1.7B,insert_before,5,0,0.0,,,,,1
gepa,Qwen3-1.7B,insert_before,5,1,0.0,,,,,1
gepa,Qwen3-1.7B,insert_before,10,0,0.22,,,,,0
gepa,Qwen3-1.7B,insert_before,10,1,0.21,,,,,1
gepa,Qwen3-1.7B,insert_before,25,0,0.29333333333333333,,,,,1
gepa,Qwen3-1.7B,insert_before,25,1,0.2866666666666667,,,,,1
gepa,Qwen3-1.7B,insert_before,50,0,0.26,,,,,0
gepa,Qwen3-1.7B,insert_before,50,1,0.30666666666666664,,,,,0
gepa,Qwen3-1.7B,insert_before,100,0,0.2866666666666667,,,,,0
gepa,Qwen3-1.7B,insert_before,100,1,0.21666666666666667,,,,,1
gepa,Qwen3-1.7B,insert_before,200,0,0.2866666666666667,,,,,0
gepa,Qwen3-1.7B,insert_before,200,1,0.29,,,,,1
gepa,Qwen3-1.7B,text2sql,5,0,0.76,,,,,1
gepa,Qwen3-1.7B,text2sql,5,1,0.7433333333333333,,,,,0
gepa,Qwen3-1.7B,text2sql,10,0,0.7566666666666667,,,,,1
gepa,Qwen3-1.7B,text2sql,10,1,0.6766666666666666,,,,,1
gepa,Qwen3-1.7B,text2sql,25,0,0.7166666666666667,,,,,0
gepa,Qwen3-1.7B,text2sql,25,1,0.74,,,,,1
gepa,Qwen3-1.7B,text2sql,50,0,0.7466666666666667,,,,,1
gepa,Qwen3-1.7B,text2sql,50,1,0.74,,,,,1
gepa,Qwen3-1.7B,text2sql,100,0,0.77,,,,,0
gepa,Qwen3-1.7B,text2sql,100,1,0.7033333333333334,,,,,0
gepa,Qwen3-1.7B,text2sql,200,0,0.7333333333333333,,,,,1
gepa,Qwen3-1.7B,text2sql,200,1,0.7533333333333333,,,,,0
gepa,Qwen3-1.7B,docstring,5,0,0.7966666666666666,,,,,1
gepa,Qwen3-1.7B,docstring,5,1,0.8,,,,,0
gepa,Qwen3-1.7B,docstring,10,0,0.8166666666666667,,,,,1
gepa,Qwen3-1.7B,docstring,10,1,0.8,,,,,1
gepa,Qwen3-1.7B,docstring,25,0,0.8166666666666667,,,,,0
gepa,Qwen3-1.7B,docstring,25,1,0.7966666666666666,,,,,1
gepa,Qwen3-1.7B,docstring,50,0,0.8266666666666667,,,,,1
gepa,Qwen3-1.7B,docstring,50,1,0.8166666666666667,,,,,0
gepa,Qwen3-1.7B,docstring,100,0,0.7466666666666667,,,,,1
gepa,Qwen3-1.7B,docstring,100,1,0.8733333333333333,,,,,1
gepa,Qwen3-1.7B,docstring,200,0,0.83,,,,,1
gepa,Qwen3-1.7B,docstring,200,1,0.8233333333333334,,,,,0
gepa,Qwen3-1.7B,pii,5,0,0.33666666666666667,,,,,1
gepa,Qwen3-1.7B,pii,5,1,0.20666666666666667,,,,,1
gepa,Qwen3-1.7B,pii,10,0,0.24666666666666667,,,,,0
gepa,Qwen3-1.7B,pii,10,1,0.24333333333333335,,,,,1
gepa,Qwen3-1.7B,pii,25,0,0.3233333333333333,,,,,0
gepa,Qwen3-1.7B,pii,25,1,0.3,,,,,1
gepa,Qwen3-1.7B,pii,50,0,0.2866666666666667,,,,,0
gepa,Qwen3-1.7B,pii,50,1,0.23,,,,,0
gepa,Qwen3-1.7B,pii,100,0,0.30666666666666664,,,,,0
gepa,Qwen3-1.7B,pii,100,1,0.3233333333333333,,,,,0
gepa,Qwen3-1.7B,pii,200,0,0.27666666666666667,,,,,0
gepa,Qwen3-1.7B,pii,200,1,0.35333333333333333,,,,,1
gepa,Qwen3-4B-Instruct-2507,acebench_hard,5,0,0.7366666666666667,,,,,1
gepa,Qwen3-4B-Instruct-2507,acebench_hard,5,1,0.73,,,,,1
gepa,Qwen3-4B-Instruct-2507,acebench_hard,10,0,0.7366666666666667,,,,,1
gepa,Qwen3-4B-Instruct-2507,acebench_hard,10,1,0.7233333333333334,,,,,1
gepa,Qwen3-4B-Instruct-2507,acebench_hard,25,0,0.7333333333333333,,,,,1
gepa,Qwen3-4B-Instruct-2507,acebench_hard,25,1,0.7766666666666666,,,,,1
gepa,Qwen3-4B-Instruct-2507,acebench_hard,50,0,0.7833333333333333,,,,,1
gepa,Qwen3-4B-Instruct-2507,acebench_hard,50,1,0.7666666666666667,,,,,1
gepa,Qwen3-4B-Instruct-2507,acebench_hard,100,0,0.7266666666666667,,,,,1
gepa,Qwen3-4B-Instruct-2507,acebench_hard,100,1,0.8133333333333334,,,,,1
gepa,Qwen3-4B-Instruct-2507,acebench_hard,200,0,0.8133333333333334,,,,,1
gepa,Qwen3-4B-Instruct-2507,acebench_hard,200,1,0.84,,,,,1
gepa,Qwen3-4B-Instruct-2507,acebench_medium,5,0,0.89,,,,,1
gepa,Qwen3-4B-Instruct-2507,acebench_medium,5,1,0.8933333333333333,,,,,1
gepa,Qwen3-4B-Instruct-2507,acebench_medium,10,0,0.8966666666666666,,,,,1
gepa,Qwen3-4B-Instruct-2507,acebench_medium,10,1,0.9066666666666666,,,,,1
gepa,Qwen3-4B-Instruct-2507,acebench_medium,25,0,0.9533333333333334,,,,,1
gepa,Qwen3-4B-Instruct-2507,acebench_medium,25,1,0.9933333333333333,,,,,0
gepa,Qwen3-4B-Instruct-2507,acebench_medium,50,0,0.98,,,,,0
gepa,Qwen3-4B-Instruct-2507,acebench_medium,50,1,0.9933333333333333,,,,,1
gepa,Qwen3-4B-Instruct-2507,acebench_medium,100,0,0.9866666666666667,,,,,0
gepa,Qwen3-4B-Instruct-2507,acebench_medium,100,1,0.97,,,,,0
gepa,Qwen3-4B-Instruct-2507,acebench_medium,200,0,0.9933333333333333,,,,,0
gepa,Qwen3-4B-Instruct-2507,acebench_medium,200,1,0.99,,,,,0
gepa,Qwen3-4B-Instruct-2507,smart_home,5,0,0.93,,,,,1
gepa,Qwen3-4B-Instruct-2507,smart_home,5,1,0.9333333333333333,,,,,1
gepa,Qwen3-4B-Instruct-2507,smart_home,10,0,0.93,,,,,1
gepa,Qwen3-4B-Instruct-2507,smart_home,10,1,0.93,,,,,1
gepa,Qwen3-4B-Instruct-2507,smart_home,25,0,0.93,,,,,1
gepa,Qwen3-4B-Instruct-2507,smart_home,25,1,0.93,,,,,1
gepa,Qwen3-4B-Instruct-2507,smart_home,50,0,0.93,,,,,1
gepa,Qwen3-4B-Instruct-2507,smart_home,50,1,0.93,,,,,1
gepa,Qwen3-4B-Instruct-2507,smart_home,100,0,0.9333333333333333,,,,,1
gepa,Qwen3-4B-Instruct-2507,smart_home,100,1,0.9333333333333333,,,,,1
gepa,Qwen3-4B-Instruct-2507,smart_home,200,0,0.96,,,,,0
gepa,Qwen3-4B-Instruct-2507,smart_home,200,1,0.9333333333333333,,,,,0
gepa,Qwen3-4B-Instruct-2507,git_assistant,5,0,0.8766666666666667,,,,,1
gepa,Qwen3-4B-Instruct-2507,git_assistant,5,1,0.8833333333333333,,,,,1
gepa,Qwen3-4B-Instruct-2507,git_assistant,10,0,0.88,,,,,1
gepa,Qwen3-4B-Instruct-2507,git_assistant,10,1,0.8833333333333333,,,,,1
gepa,Qwen3-4B-Instruct-2507,git_assistant,25,0,0.89,,,,,0
gepa,Qwen3-4B-Instruct-2507,git_assistant,25,1,0.88,,,,,1
gepa,Qwen3-4B-Instruct-2507,git_assistant,50,0,0.9333333333333333,,,,,0
gepa,Qwen3-4B-Instruct-2507,git_assistant,50,1,0.9366666666666666,,,,,1
gepa,Qwen3-4B-Instruct-2507,git_assistant,100,0,0.93,,,,,1
gepa,Qwen3-4B-Instruct-2507,git_assistant,100,1,0.9,,,,,0
gepa,Qwen3-4B-Instruct-2507,git_assistant,200,0,0.9233333333333333,,,,,1
gepa,Qwen3-4B-Instruct-2507,git_assistant,200,1,0.9266666666666666,,,,,1
gepa,Qwen3-4B-Instruct-2507,trec,5,0,0.6566666666666666,,,,,1
gepa,Qwen3-4B-Instruct-2507,trec,5,1,0.65,,,,,1
gepa,Qwen3-4B-Instruct-2507,trec,10,0,0.7933333333333333,,,,,1
gepa,Qwen3-4B-Instruct-2507,trec,10,1,0.8233333333333334,,,,,1
gepa,Qwen3-4B-Instruct-2507,trec,25,0,0.6933333333333334,,,,,0
gepa,Qwen3-4B-Instruct-2507,trec,25,1,0.82,,,,,1
gepa,Qwen3-4B-Instruct-2507,trec,50,0,0.7733333333333333,,,,,0
gepa,Qwen3-4B-Instruct-2507,trec,50,1,0.7533333333333333,,,,,0
gepa,Qwen3-4B-Instruct-2507,trec,100,0,0.81,,,,,1
gepa,Qwen3-4B-Instruct-2507,trec,100,1,0.8333333333333334,,,,,1
gepa,Qwen3-4B-Instruct-2507,trec,200,0,0.8166666666666667,,,,,1
gepa,Qwen3-4B-Instruct-2507,trec,200,1,0.8066666666666666,,,,,0
gepa,Qwen3-4B-Instruct-2507,ecommerce,5,0,0.8566666666666667,,,,,1
gepa,Qwen3-4B-Instruct-2507,ecommerce,5,1,0.86,,,,,1
gepa,Qwen3-4B-Instruct-2507,ecommerce,10,0,0.86,,,,,1
gepa,Qwen3-4B-Instruct-2507,ecommerce,10,1,0.8633333333333333,,,,,1
gepa,Qwen3-4B-Instruct-2507,ecommerce,25,0,0.86,,,,,1
gepa,Qwen3-4B-Instruct-2507,ecommerce,25,1,0.86,,,,,1
gepa,Qwen3-4B-Instruct-2507,ecommerce,50,0,0.86,,,,,1
gepa,Qwen3-4B-Instruct-2507,ecommerce,50,1,0.8633333333333333,,,,,1
gepa,Qwen3-4B-Instruct-2507,ecommerce,100,0,0.9033333333333333,,,,,0
gepa,Qwen3-4B-Instruct-2507,ecommerce,100,1,0.87,,,,,0
gepa,Qwen3-4B-Instruct-2507,ecommerce,200,0,0.8933333333333333,,,,,1
gepa,Qwen3-4B-Instruct-2507,ecommerce,200,1,0.93,,,,,0
gepa,Qwen3-4B-Instruct-2507,injury,5,0,0.7433333333333333,,,,,0
gepa,Qwen3-4B-Instruct-2507,injury,5,1,0.64,,,,,1
gepa,Qwen3-4B-Instruct-2507,injury,10,0,0.7833333333333333,,,,,0
gepa,Qwen3-4B-Instruct-2507,injury,10,1,0.77,,,,,0
gepa,Qwen3-4B-Instruct-2507,injury,25,0,0.75,,,,,0
gepa,Qwen3-4B-Instruct-2507,injury,25,1,0.7966666666666666,,,,,0
gepa,Qwen3-4B-Instruct-2507,injury,50,0,0.8033333333333333,,,,,0
gepa,Qwen3-4B-Instruct-2507,injury,50,1,0.8266666666666667,,,,,0
gepa,Qwen3-4B-Instruct-2507,injury,100,0,0.8033333333333333,,,,,1
gepa,Qwen3-4B-Instruct-2507,injury,100,1,0.8,,,,,0
gepa,Qwen3-4B-Instruct-2507,injury,200,0,0.86,,,,,1
gepa,Qwen3-4B-Instruct-2507,injury,200,1,0.8033333333333333,,,,,1
gepa,Qwen3-4B-Instruct-2507,currency,5,0,0.99,,,,,1
gepa,Qwen3-4B-Instruct-2507,currency,5,1,0.99,,,,,1
gepa,Qwen3-4B-Instruct-2507,currency,10,0,0.99,,,,,1
gepa,Qwen3-4B-Instruct-2507,currency,10,1,0.99,,,,,1
gepa,Qwen3-4B-Instruct-2507,currency,25,0,0.99,,,,,1
gepa,Qwen3-4B-Instruct-2507,currency,25,1,0.99,,,,,1
gepa,Qwen3-4B-Instruct-2507,currency,50,0,0.9966666666666667,,,,,1
gepa,Qwen3-4B-Instruct-2507,currency,50,1,0.9933333333333333,,,,,0
gepa,Qwen3-4B-Instruct-2507,currency,100,0,1.0,,,,,0
gepa,Qwen3-4B-Instruct-2507,currency,100,1,0.9933333333333333,,,,,1
gepa,Qwen3-4B-Instruct-2507,currency,200,0,0.9966666666666667,,,,,0
gepa,Qwen3-4B-Instruct-2507,currency,200,1,0.9966666666666667,,,,,0
gepa,Qwen3-4B-Instruct-2507,dates,5,0,0.9233333333333333,,,,,1
gepa,Qwen3-4B-Instruct-2507,dates,5,1,0.92,,,,,1
gepa,Qwen3-4B-Instruct-2507,dates,10,0,0.92,,,,,1
gepa,Qwen3-4B-Instruct-2507,dates,10,1,0.9766666666666667,,,,,1
gepa,Qwen3-4B-Instruct-2507,dates,25,0,0.9233333333333333,,,,,1
gepa,Qwen3-4B-Instruct-2507,dates,25,1,0.97,,,,,1
gepa,Qwen3-4B-Instruct-2507,dates,50,0,0.92,,,,,1
gepa,Qwen3-4B-Instruct-2507,dates,50,1,0.98,,,,,1
gepa,Qwen3-4B-Instruct-2507,dates,100,0,0.9733333333333334,,,,,1
gepa,Qwen3-4B-Instruct-2507,dates,100,1,0.97,,,,,0
gepa,Qwen3-4B-Instruct-2507,dates,200,0,0.9866666666666667,,,,,0
gepa,Qwen3-4B-Instruct-2507,dates,200,1,0.9566666666666667,,,,,0
gepa,Qwen3-4B-Instruct-2507,emoji,5,0,0.9966666666666667,,,,,1
gepa,Qwen3-4B-Instruct-2507,emoji,5,1,0.9966666666666667,,,,,1
gepa,Qwen3-4B-Instruct-2507,emoji,10,0,0.9966666666666667,,,,,1
gepa,Qwen3-4B-Instruct-2507,emoji,10,1,0.9933333333333333,,,,,1
gepa,Qwen3-4B-Instruct-2507,emoji,25,0,0.9933333333333333,,,,,1
gepa,Qwen3-4B-Instruct-2507,emoji,25,1,0.9933333333333333,,,,,0
gepa,Qwen3-4B-Instruct-2507,emoji,50,0,0.9933333333333333,,,,,1
gepa,Qwen3-4B-Instruct-2507,emoji,50,1,0.9966666666666667,,,,,0
gepa,Qwen3-4B-Instruct-2507,emoji,100,0,0.98,,,,,1
gepa,Qwen3-4B-Instruct-2507,emoji,100,1,0.99,,,,,1
gepa,Qwen3-4B-Instruct-2507,emoji,200,0,0.9733333333333334,,,,,1
gepa,Qwen3-4B-Instruct-2507,emoji,200,1,0.9933333333333333,,,,,1
gepa,Qwen3-4B-Instruct-2507,emoji_list,5,0,0.9733333333333334,,,,,0
gepa,Qwen3-4B-Instruct-2507,emoji_list,5,1,0.5933333333333334,,,,,1
gepa,Qwen3-4B-Instruct-2507,emoji_list,10,0,1.0,,,,,1
gepa,Qwen3-4B-Instruct-2507,emoji_list,10,1,0.98,,,,,1
gepa,Qwen3-4B-Instruct-2507,emoji_list,25,0,0.9333333333333333,,,,,1
gepa,Qwen3-4B-Instruct-2507,emoji_list,25,1,0.98,,,,,1
gepa,Qwen3-4B-Instruct-2507,emoji_list,50,0,0.9966666666666667,,,,,1
gepa,Qwen3-4B-Instruct-2507,emoji_list,50,1,0.9966666666666667,,,,,1
gepa,Qwen3-4B-Instruct-2507,emoji_list,100,0,0.9766666666666667,,,,,1
gepa,Qwen3-4B-Instruct-2507,emoji_list,100,1,1.0,,,,,1
gepa,Qwen3-4B-Instruct-2507,emoji_list,200,0,0.9966666666666667,,,,,0
gepa,Qwen3-4B-Instruct-2507,emoji_list,200,1,0.9966666666666667,,,,,0
gepa,Qwen3-4B-Instruct-2507,replace,5,0,0.6933333333333334,,,,,1
gepa,Qwen3-4B-Instruct-2507,replace,5,1,0.69,,,,,1
gepa,Qwen3-4B-Instruct-2507,replace,10,0,0.6166666666666667,,,,,0
gepa,Qwen3-4B-Instruct-2507,replace,10,1,0.7033333333333334,,,,,0
gepa,Qwen3-4B-Instruct-2507,replace,25,0,0.7233333333333334,,,,,1
gepa,Qwen3-4B-Instruct-2507,replace,25,1,0.7133333333333334,,,,,1
gepa,Qwen3-4B-Instruct-2507,replace,50,0,0.6666666666666666,,,,,0
gepa,Qwen3-4B-Instruct-2507,replace,50,1,0.7133333333333334,,,,,0
gepa,Qwen3-4B-Instruct-2507,replace,100,0,0.7566666666666667,,,,,1
gepa,Qwen3-4B-Instruct-2507,replace,100,1,0.7166666666666667,,,,,1
gepa,Qwen3-4B-Instruct-2507,replace,200,0,0.7333333333333333,,,,,0
gepa,Qwen3-4B-Instruct-2507,replace,200,1,0.7333333333333333,,,,,0
gepa,Qwen3-4B-Instruct-2507,delete,5,0,0.35,,,,,1
gepa,Qwen3-4B-Instruct-2507,delete,5,1,0.46,,,,,0
gepa,Qwen3-4B-Instruct-2507,delete,10,0,0.3333333333333333,,,,,1
gepa,Qwen3-4B-Instruct-2507,delete,10,1,0.4766666666666667,,,,,1
gepa,Qwen3-4B-Instruct-2507,delete,25,0,0.4866666666666667,,,,,1
gepa,Qwen3-4B-Instruct-2507,delete,25,1,0.5733333333333334,,,,,1
gepa,Qwen3-4B-Instruct-2507,delete,50,0,0.5133333333333333,,,,,1
gepa,Qwen3-4B-Instruct-2507,delete,50,1,0.49333333333333335,,,,,1
gepa,Qwen3-4B-Instruct-2507,delete,100,0,0.5733333333333334,,,,,1
gepa,Qwen3-4B-Instruct-2507,delete,100,1,0.44666666666666666,,,,,0
gepa,Qwen3-4B-Instruct-2507,delete,200,0,0.5866666666666667,,,,,1
gepa,Qwen3-4B-Instruct-2507,delete,200,1,0.5933333333333334,,,,,1
gepa,Qwen3-4B-Instruct-2507,insert_before,5,0,0.24333333333333335,,,,,0
gepa,Qwen3-4B-Instruct-2507,insert_before,5,1,0.25,,,,,0
gepa,Qwen3-4B-Instruct-2507,insert_before,10,0,0.0,,,,,1
gepa,Qwen3-4B-Instruct-2507,insert_before,10,1,0.35,,,,,1
gepa,Qwen3-4B-Instruct-2507,insert_before,25,0,0.37,,,,,1
gepa,Qwen3-4B-Instruct-2507,insert_before,25,1,0.26666666666666666,,,,,0
gepa,Qwen3-4B-Instruct-2507,insert_before,50,0,0.2966666666666667,,,,,1
gepa,Qwen3-4B-Instruct-2507,insert_before,50,1,0.23666666666666666,,,,,1
gepa,Qwen3-4B-Instruct-2507,insert_before,100,0,0.36,,,,,0
gepa,Qwen3-4B-Instruct-2507,insert_before,100,1,0.39666666666666667,,,,,0
gepa,Qwen3-4B-Instruct-2507,insert_before,200,0,0.3566666666666667,,,,,0
gepa,Qwen3-4B-Instruct-2507,insert_before,200,1,0.37333333333333335,,,,,1
gepa,Qwen3-4B-Instruct-2507,text2sql,5,0,0.88,,,,,1
gepa,Qwen3-4B-Instruct-2507,text2sql,5,1,0.8766666666666667,,,,,1
gepa,Qwen3-4B-Instruct-2507,text2sql,10,0,0.8766666666666667,,,,,1
gepa,Qwen3-4B-Instruct-2507,text2sql,10,1,0.88,,,,,1
gepa,Qwen3-4B-Instruct-2507,text2sql,25,0,0.8766666666666667,,,,,0
gepa,Qwen3-4B-Instruct-2507,text2sql,25,1,0.9,,,,,1
gepa,Qwen3-4B-Instruct-2507,text2sql,50,0,0.89,,,,,1
gepa,Qwen3-4B-Instruct-2507,text2sql,50,1,0.8933333333333333,,,,,0
gepa,Qwen3-4B-Instruct-2507,text2sql,100,0,0.8833333333333333,,,,,1
gepa,Qwen3-4B-Instruct-2507,text2sql,100,1,0.8766666666666667,,,,,0
gepa,Qwen3-4B-Instruct-2507,text2sql,200,0,0.8733333333333333,,,,,1
gepa,Qwen3-4B-Instruct-2507,text2sql,200,1,0.8733333333333333,,,,,0
gepa,Qwen3-4B-Instruct-2507,docstring,5,0,0.8833333333333333,,,,,1
gepa,Qwen3-4B-Instruct-2507,docstring,5,1,0.8966666666666666,,,,,1
gepa,Qwen3-4B-Instruct-2507,docstring,10,0,0.89,,,,,1
gepa,Qwen3-4B-Instruct-2507,docstring,10,1,0.8833333333333333,,,,,1
gepa,Qwen3-4B-Instruct-2507,docstring,25,0,0.9333333333333333,,,,,1
gepa,Qwen3-4B-Instruct-2507,docstring,25,1,0.89,,,,,1
gepa,Qwen3-4B-Instruct-2507,docstring,50,0,0.89,,,,,1
gepa,Qwen3-4B-Instruct-2507,docstring,50,1,0.9066666666666666,,,,,1
gepa,Qwen3-4B-Instruct-2507,docstring,100,0,0.91,,,,,0
gepa,Qwen3-4B-Instruct-2507,docstring,100,1,0.9033333333333333,,,,,0
gepa,Qwen3-4B-Instruct-2507,docstring,200,0,0.9033333333333333,,,,,1
gepa,Qwen3-4B-Instruct-2507,docstring,200,1,0.9,,,,,0
gepa,Qwen3-4B-Instruct-2507,pii,5,0,0.5333333333333333,,,,,1
gepa,Qwen3-4B-Instruct-2507,pii,5,1,0.6966666666666667,,,,,1
gepa,Qwen3-4B-Instruct-2507,pii,10,0,0.66,,,,,1
gepa,Qwen3-4B-Instruct-2507,pii,10,1,0.6666666666666666,,,,,1
gepa,Qwen3-4B-Instruct-2507,pii,25,0,0.6433333333333333,,,,,0
gepa,Qwen3-4B-Instruct-2507,pii,25,1,0.6833333333333333,,,,,0
gepa,Qwen3-4B-Instruct-2507,pii,50,0,0.68,,,,,1
gepa,Qwen3-4B-Instruct-2507,pii,50,1,0.6966666666666667,,,,,0
gepa,Qwen3-4B-Instruct-2507,pii,100,0,0.7266666666666667,,,,,1
gepa,Qwen3-4B-Instruct-2507,pii,100,1,0.7066666666666667,,,,,1
gepa,Qwen3-4B-Instruct-2507,pii,200,0,0.7466666666666667,,,,,1
gepa,Qwen3-4B-Instruct-2507,pii,200,1,0.7133333333333334,,,,,1
gepa_2x,Qwen3-0.6B,acebench_hard,5,0,0.0,,,,,1
gepa_2x,Qwen3-0.6B,acebench_hard,5,1,0.0,,,,,1
gepa_2x,Qwen3-0.6B,acebench_hard,10,0,0.0,,,,,1
gepa_2x,Qwen3-0.6B,acebench_hard,10,1,0.04,,,,,1
gepa_2x,Qwen3-0.6B,acebench_hard,25,0,0.03,,,,,0
gepa_2x,Qwen3-0.6B,acebench_hard,25,1,0.15,,,,,0
gepa_2x,Qwen3-0.6B,acebench_hard,50,0,0.09666666666666666,,,,,0
gepa_2x,Qwen3-0.6B,acebench_hard,50,1,0.14333333333333334,,,,,0
gepa_2x,Qwen3-0.6B,acebench_hard,100,0,0.18,,,,,0
gepa_2x,Qwen3-0.6B,acebench_hard,100,1,0.16666666666666666,,,,,1
gepa_2x,Qwen3-0.6B,acebench_hard,200,0,0.17333333333333334,,,,,1
gepa_2x,Qwen3-0.6B,acebench_hard,200,1,0.20333333333333334,,,,,0
gepa_2x,Qwen3-0.6B,acebench_medium,5,0,0.26,,,,,0
gepa_2x,Qwen3-0.6B,acebench_medium,5,1,0.69,,,,,1
gepa_2x,Qwen3-0.6B,acebench_medium,10,0,0.54,,,,,1
gepa_2x,Qwen3-0.6B,acebench_medium,10,1,0.5133333333333333,,,,,0
gepa_2x,Qwen3-0.6B,acebench_medium,25,0,0.6533333333333333,,,,,0
gepa_2x,Qwen3-0.6B,acebench_medium,25,1,0.59,,,,,1
gepa_2x,Qwen3-0.6B,acebench_medium,50,0,0.82,,,,,1
gepa_2x,Qwen3-0.6B,acebench_medium,50,1,0.78,,,,,1
gepa_2x,Qwen3-0.6B,acebench_medium,100,0,0.7233333333333334,,,,,1
gepa_2x,Qwen3-0.6B,acebench_medium,100,1,0.54,,,,,1
gepa_2x,Qwen3-0.6B,acebench_medium,200,0,0.68,,,,,0
gepa_2x,Qwen3-0.6B,acebench_medium,200,1,0.6466666666666666,,,,,0
gepa_2x,Qwen3-0.6B,smart_home,5,0,0.7366666666666667,,,,,1
gepa_2x,Qwen3-0.6B,smart_home,5,1,0.7333333333333333,,,,,1
gepa_2x,Qwen3-0.6B,smart_home,10,0,0.8266666666666667,,,,,0
gepa_2x,Qwen3-0.6B,smart_home,10,1,0.7333333333333333,,,,,1
gepa_2x,Qwen3-0.6B,smart_home,25,0,0.8366666666666667,,,,,0
gepa_2x,Qwen3-0.6B,smart_home,25,1,0.83,,,,,0
gepa_2x,Qwen3-0.6B,smart_home,50,0,0.8066666666666666,,,,,1
gepa_2x,Qwen3-0.6B,smart_home,50,1,0.84,,,,,1
gepa_2x,Qwen3-0.6B,smart_home,100,0,0.8533333333333334,,,,,0
gepa_2x,Qwen3-0.6B,smart_home,100,1,0.88,,,,,0
gepa_2x,Qwen3-0.6B,smart_home,200,0,0.8833333333333333,,,,,0
gepa_2x,Qwen3-0.6B,smart_home,200,1,0.8733333333333333,,,,,0
gepa_2x,Qwen3-0.6B,git_assistant,5,0,0.45,,,,,1
gepa_2x,Qwen3-0.6B,git_assistant,5,1,0.39666666666666667,,,,,1
gepa_2x,Qwen3-0.6B,git_assistant,10,0,0.4,,,,,0
gepa_2x,Qwen3-0.6B,git_assistant,10,1,0.4633333333333333,,,,,0
gepa_2x,Qwen3-0.6B,git_assistant,25,0,0.4766666666666667,,,,,1
gepa_2x,Qwen3-0.6B,git_assistant,25,1,0.5033333333333333,,,,,0
gepa_2x,Qwen3-0.6B,git_assistant,50,0,0.5633333333333334,,,,,0
gepa_2x,Qwen3-0.6B,git_assistant,50,1,0.5266666666666666,,,,,1
gepa_2x,Qwen3-0.6B,git_assistant,100,0,0.5533333333333333,,,,,0
gepa_2x,Qwen3-0.6B,git_assistant,100,1,0.49666666666666665,,,,,0
gepa_2x,Qwen3-0.6B,git_assistant,200,0,0.58,,,,,1
gepa_2x,Qwen3-0.6B,git_assistant,200,1,0.53,,,,,0
gepa_2x,Qwen3-0.6B,trec,5,0,0.36666666666666664,,,,,1
gepa_2x,Qwen3-0.6B,trec,5,1,0.41,,,,,0
gepa_2x,Qwen3-0.6B,trec,10,0,0.6266666666666667,,,,,0
gepa_2x,Qwen3-0.6B,trec,10,1,0.6466666666666666,,,,,0
gepa_2x,Qwen3-0.6B,trec,25,0,0.49666666666666665,,,,,1
gepa_2x,Qwen3-0.6B,trec,25,1,0.6133333333333333,,,,,1
gepa_2x,Qwen3-0.6B,trec,50,0,0.7233333333333334,,,,,0
gepa_2x,Qwen3-0.6B,trec,50,1,0.68,,,,,1
gepa_2x,Qwen3-0.6B,trec,100,0,0.6366666666666667,,,,,0
gepa_2x,Qwen3-0.6B,trec,100,1,0.69,,,,,1
gepa_2x,Qwen3-0.6B,trec,200,0,0.68,,,,,0
gepa_2x,Qwen3-0.6B,trec,200,1,0.6766666666666666,,,,,1
gepa_2x,Qwen3-0.6B,ecommerce,5,0,0.2866666666666667,,,,,1
gepa_2x,Qwen3-0.6B,ecommerce,5,1,0.2866666666666667,,,,,1
gepa_2x,Qwen3-0.6B,ecommerce,10,0,0.44666666666666666,,,,,0
gepa_2x,Qwen3-0.6B,ecommerce,10,1,0.4533333333333333,,,,,0
gepa_2x,Qwen3-0.6B,ecommerce,25,0,0.5666666666666667,,,,,1
gepa_2x,Qwen3-0.6B,ecommerce,25,1,0.5133333333333333,,,,,1
gepa_2x,Qwen3-0.6B,ecommerce,50,0,0.6633333333333333,,,,,1
gepa_2x,Qwen3-0.6B,ecommerce,50,1,0.5666666666666667,,,,,0
gepa_2x,Qwen3-0.6B,ecommerce,100,0,0.62,,,,,1
gepa_2x,Qwen3-0.6B,ecommerce,100,1,0.6933333333333334,,,,,0
gepa_2x,Qwen3-0.6B,ecommerce,200,0,0.6833333333333333,,,,,0
gepa_2x,Qwen3-0.6B,ecommerce,200,1,0.7033333333333334,,,,,1
gepa_2x,Qwen3-0.6B,injury,5,0,0.19333333333333333,,,,,1
gepa_2x,Qwen3-0.6B,injury,5,1,0.18,,,,,1
gepa_2x,Qwen3-0.6B,injury,10,0,0.33666666666666667,,,,,1
gepa_2x,Qwen3-0.6B,injury,10,1,0.44666666666666666,,,,,1
gepa_2x,Qwen3-0.6B,injury,25,0,0.37,,,,,0
gepa_2x,Qwen3-0.6B,injury,25,1,0.42333333333333334,,,,,1
gepa_2x,Qwen3-0.6B,injury,50,0,0.36,,,,,1
gepa_2x,Qwen3-0.6B,injury,50,1,0.52,,,,,1
gepa_2x,Qwen3-0.6B,injury,100,0,0.38666666666666666,,,,,1
gepa_2x,Qwen3-0.6B,injury,100,1,0.53,,,,,1
gepa_2x,Qwen3-0.6B,injury,200,0,0.5666666666666667,,,,,1
gepa_2x,Qwen3-0.6B,injury,200,1,0.48,,,,,1
gepa_2x,Qwen3-0.6B,currency,5,0,0.37,,,,,0
gepa_2x,Qwen3-0.6B,currency,5,1,0.62,,,,,0
gepa_2x,Qwen3-0.6B,currency,10,0,0.5533333333333333,,,,,0
gepa_2x,Qwen3-0.6B,currency,10,1,0.6433333333333333,,,,,1
gepa_2x,Qwen3-0.6B,currency,25,0,0.65,,,,,0
gepa_2x,Qwen3-0.6B,currency,25,1,0.5833333333333334,,,,,0
gepa_2x,Qwen3-0.6B,currency,50,0,0.6033333333333334,,,,,0
gepa_2x,Qwen3-0.6B,currency,50,1,0.5933333333333334,,,,,1
gepa_2x,Qwen3-0.6B,currency,100,0,0.6866666666666666,,,,,1
gepa_2x,Qwen3-0.6B,currency,100,1,0.71,,,,,1
gepa_2x,Qwen3-0.6B,currency,200,0,0.66,,,,,1
gepa_2x,Qwen3-0.6B,currency,200,1,0.6966666666666667,,,,,0
gepa_2x,Qwen3-0.6B,dates,5,0,0.14,,,,,1
gepa_2x,Qwen3-0.6B,dates,5,1,0.13333333333333333,,,,,1
gepa_2x,Qwen3-0.6B,dates,10,0,0.3233333333333333,,,,,0
gepa_2x,Qwen3-0.6B,dates,10,1,0.14666666666666667,,,,,1
gepa_2x,Qwen3-0.6B,dates,25,0,0.37333333333333335,,,,,1
gepa_2x,Qwen3-0.6B,dates,25,1,0.46,,,,,0
gepa_2x,Qwen3-0.6B,dates,50,0,0.36,,,,,1
gepa_2x,Qwen3-0.6B,dates,50,1,0.27,,,,,0
gepa_2x,Qwen3-0.6B,dates,100,0,0.44666666666666666,,,,,0
gepa_2x,Qwen3-0.6B,dates,100,1,0.21333333333333335,,,,,1
gepa_2x,Qwen3-0.6B,dates,200,0,0.3433333333333333,,,,,1
gepa_2x,Qwen3-0.6B,dates,200,1,0.4533333333333333,,,,,1
gepa_2x,Qwen3-0.6B,emoji,5,0,0.48333333333333334,,,,,1
gepa_2x,Qwen3-0.6B,emoji,5,1,0.95,,,,,0
gepa_2x,Qwen3-0.6B,emoji,10,0,0.9033333333333333,,,,,1
gepa_2x,Qwen3-0.6B,emoji,10,1,0.8866666666666667,,,,,1
gepa_2x,Qwen3-0.6B,emoji,25,0,0.9766666666666667,,,,,0
gepa_2x,Qwen3-0.6B,emoji,25,1,0.9466666666666667,,,,,0
gepa_2x,Qwen3-0.6B,emoji,50,0,0.9333333333333333,,,,,0
gepa_2x,Qwen3-0.6B,emoji,50,1,0.98,,,,,1
gepa_2x,Qwen3-0.6B,emoji,100,0,0.9866666666666667,,,,,1
gepa_2x,Qwen3-0.6B,emoji,100,1,0.9766666666666667,,,,,1
gepa_2x,Qwen3-0.6B,emoji,200,0,0.9633333333333334,,,,,1
gepa_2x,Qwen3-0.6B,emoji,200,1,0.97,,,,,0
gepa_2x,Qwen3-0.6B,emoji_list,5,0,0.04666666666666667,,,,,1
gepa_2x,Qwen3-0.6B,emoji_list,5,1,0.44,,,,,0
gepa_2x,Qwen3-0.6B,emoji_list,10,0,0.44333333333333336,,,,,0
gepa_2x,Qwen3-0.6B,emoji_list,10,1,0.11333333333333333,,,,,0
gepa_2x,Qwen3-0.6B,emoji_list,25,0,0.6333333333333333,,,,,1
gepa_2x,Qwen3-0.6B,emoji_list,25,1,0.32666666666666666,,,,,1
gepa_2x,Qwen3-0.6B,emoji_list,50,0,0.5966666666666667,,,,,0
gepa_2x,Qwen3-0.6B,emoji_list,50,1,0.4766666666666667,,,,,1
gepa_2x,Qwen3-0.6B,emoji_list,100,0,0.58,,,,,1
gepa_2x,Qwen3-0.6B,emoji_list,100,1,0.57,,,,,0
gepa_2x,Qwen3-0.6B,emoji_list,200,0,0.67,,,,,1
gepa_2x,Qwen3-0.6B,emoji_list,200,1,0.7366666666666667,,,,,0
gepa_2x,Qwen3-0.6B,replace,5,0,0.16,,,,,1
gepa_2x,Qwen3-0.6B,replace,5,1,0.18,,,,,1
gepa_2x,Qwen3-0.6B,replace,10,0,0.17,,,,,1
gepa_2x,Qwen3-0.6B,replace,10,1,0.17,,,,,1
gepa_2x,Qwen3-0.6B,replace,25,0,0.2733333333333333,,,,,0
gepa_2x,Qwen3-0.6B,replace,25,1,0.2633333333333333,,,,,0
gepa_2x,Qwen3-0.6B,replace,50,0,0.28,,,,,1
gepa_2x,Qwen3-0.6B,replace,50,1,0.33666666666666667,,,,,0
gepa_2x,Qwen3-0.6B,replace,100,0,0.32666666666666666,,,,,0
gepa_2x,Qwen3-0.6B,replace,100,1,0.32666666666666666,,,,,0
gepa_2x,Qwen3-0.6B,replace,200,0,0.30333333333333334,,,,,1
gepa_2x,Qwen3-0.6B,replace,200,1,0.3233333333333333,,,,,0
gepa_2x,Qwen3-0.6B,delete,5,0,0.0,,,,,1
gepa_2x,Qwen3-0.6B,delete,5,1,0.0,,,,,1
gepa_2x,Qwen3-0.6B,delete,10,0,0.0,,,,,1
gepa_2x,Qwen3-0.6B,delete,10,1,0.0,,,,,1
gepa_2x,Qwen3-0.6B,delete,25,0,0.0,,,,,1
gepa_2x,Qwen3-0.6B,delete,25,1,0.0,,,,,1
gepa_2x,Qwen3-0.6B,delete,50,0,0.01,,,,,0
gepa_2x,Qwen3-0.6B,delete,50,1,0.0,,,,,1
gepa_2x,Qwen3-0.6B,delete,100,0,0.0,,,,,1
gepa_2x,Qwen3-0.6B,delete,100,1,0.0033333333333333335,,,,,1
gepa_2x,Qwen3-0.6B,delete,200,0,0.0033333333333333335,,,,,0
gepa_2x,Qwen3-0.6B,delete,200,1,0.016666666666666666,,,,,0
gepa_2x,Qwen3-0.6B,insert_before,5,0,0.0,,,,,1
gepa_2x,Qwen3-0.6B,insert_before,5,1,0.0,,,,,1
gepa_2x,Qwen3-0.6B,insert_before,10,0,0.013333333333333334,,,,,1
gepa_2x,Qwen3-0.6B,insert_before,10,1,0.0,,,,,1
gepa_2x,Qwen3-0.6B,insert_before,25,0,0.0033333333333333335,,,,,1
gepa_2x,Qwen3-0.6B,insert_before,25,1,0.02666666666666667,,,,,0
gepa_2x,Qwen3-0.6B,insert_before,50,0,0.05333333333333334,,,,,1
gepa_2x,Qwen3-0.6B,insert_before,50,1,0.02666666666666667,,,,,0
gepa_2x,Qwen3-0.6B,insert_before,100,0,0.07666666666666666,,,,,1
gepa_2x,Qwen3-0.6B,insert_before,100,1,0.07,,,,,0
gepa_2x,Qwen3-0.6B,insert_before,200,0,0.08333333333333333,,,,,1
gepa_2x,Qwen3-0.6B,insert_before,200,1,0.05333333333333334,,,,,0
gepa_2x,Qwen3-0.6B,text2sql,5,0,0.55,,,,,1
gepa_2x,Qwen3-0.6B,text2sql,5,1,0.5366666666666666,,,,,1
gepa_2x,Qwen3-0.6B,text2sql,10,0,0.5366666666666666,,,,,1
gepa_2x,Qwen3-0.6B,text2sql,10,1,0.51,,,,,1
gepa_2x,Qwen3-0.6B,text2sql,25,0,0.5166666666666667,,,,,0
gepa_2x,Qwen3-0.6B,text2sql,25,1,0.4766666666666667,,,,,1
gepa_2x,Qwen3-0.6B,text2sql,50,0,0.5633333333333334,,,,,1
gepa_2x,Qwen3-0.6B,text2sql,50,1,0.5366666666666666,,,,,0
gepa_2x,Qwen3-0.6B,text2sql,100,0,0.53,,,,,0
gepa_2x,Qwen3-0.6B,text2sql,100,1,0.5433333333333333,,,,,1
gepa_2x,Qwen3-0.6B,text2sql,200,0,0.5233333333333333,,,,,1
gepa_2x,Qwen3-0.6B,text2sql,200,1,0.5233333333333333,,,,,1
gepa_2x,Qwen3-0.6B,docstring,5,0,0.6933333333333334,,,,,0
gepa_2x,Qwen3-0.6B,docstring,5,1,0.7133333333333334,,,,,0
gepa_2x,Qwen3-0.6B,docstring,10,0,0.6266666666666667,,,,,1
gepa_2x,Qwen3-0.6B,docstring,10,1,0.56,,,,,1
gepa_2x,Qwen3-0.6B,docstring,25,0,0.7466666666666667,,,,,0
gepa_2x,Qwen3-0.6B,docstring,25,1,0.7266666666666667,,,,,1
gepa_2x,Qwen3-0.6B,docstring,50,0,0.7,,,,,0
gepa_2x,Qwen3-0.6B,docstring,50,1,0.6633333333333333,,,,,1
gepa_2x,Qwen3-0.6B,docstring,100,0,0.7266666666666667,,,,,0
gepa_2x,Qwen3-0.6B,docstring,100,1,0.6633333333333333,,,,,0
gepa_2x,Qwen3-0.6B,docstring,200,0,0.68,,,,,0
gepa_2x,Qwen3-0.6B,docstring,200,1,0.67,,,,,0
gepa_2x,Qwen3-0.6B,pii,5,0,0.0,,,,,1
gepa_2x,Qwen3-0.6B,pii,5,1,0.0,,,,,1
gepa_2x,Qwen3-0.6B,pii,10,0,0.0,,,,,1
gepa_2x,Qwen3-0.6B,pii,10,1,0.0,,,,,1
gepa_2x,Qwen3-0.6B,pii,25,0,0.0,,,,,1
gepa_2x,Qwen3-0.6B,pii,25,1,0.0,,,,,1
gepa_2x,Qwen3-0.6B,pii,50,0,0.0,,,,,1
gepa_2x,Qwen3-0.6B,pii,50,1,0.0,,,,,1
gepa_2x,Qwen3-0.6B,pii,100,0,0.0,,,,,1
gepa_2x,Qwen3-0.6B,pii,100,1,0.0,,,,,1
gepa_2x,Qwen3-0.6B,pii,200,0,0.0,,,,,1
gepa_2x,Qwen3-0.6B,pii,200,1,0.0,,,,,1
gepa_lora,Qwen3-0.6B,acebench_hard,5,0,0.22333333333333333,,,,,1
gepa_lora,Qwen3-0.6B,acebench_hard,5,1,0.39666666666666667,,,,,1
gepa_lora,Qwen3-0.6B,acebench_hard,10,0,0.2966666666666667,,,,,1
gepa_lora,Qwen3-0.6B,acebench_hard,10,1,0.3,,,,,1
gepa_lora,Qwen3-0.6B,acebench_hard,25,0,0.47333333333333333,,,,,1
gepa_lora,Qwen3-0.6B,acebench_hard,25,1,0.0,,,,,1
gepa_lora,Qwen3-0.6B,acebench_hard,50,0,0.73,,,,,0
gepa_lora,Qwen3-0.6B,acebench_hard,50,1,0.04666666666666667,,,,,1
gepa_lora,Qwen3-0.6B,acebench_hard,100,0,0.7733333333333333,,,,,1
gepa_lora,Qwen3-0.6B,acebench_hard,100,1,0.7433333333333333,,,,,1
gepa_lora,Qwen3-0.6B,acebench_medium,5,0,0.7166666666666667,,,,,1
gepa_lora,Qwen3-0.6B,acebench_medium,5,1,0.8233333333333334,,,,,0
gepa_lora,Qwen3-0.6B,acebench_medium,10,0,0.89,,,,,1
gepa_lora,Qwen3-0.6B,acebench_medium,10,1,0.9033333333333333,,,,,0
gepa_lora,Qwen3-0.6B,acebench_medium,25,0,0.87,,,,,0
gepa_lora,Qwen3-0.6B,acebench_medium,25,1,0.8766666666666667,,,,,1
gepa_lora,Qwen3-0.6B,acebench_medium,50,0,0.9233333333333333,,,,,1
gepa_lora,Qwen3-0.6B,acebench_medium,50,1,0.9266666666666666,,,,,1
gepa_lora,Qwen3-0.6B,acebench_medium,100,0,0.0,,,,,1
gepa_lora,Qwen3-0.6B,acebench_medium,100,1,0.9766666666666667,,,,,1
gepa_lora,Qwen3-0.6B,smart_home,5,0,0.0,,,,,1
gepa_lora,Qwen3-0.6B,smart_home,5,1,0.8066666666666666,,,,,1
gepa_lora,Qwen3-0.6B,smart_home,10,0,0.7366666666666667,,,,,1
gepa_lora,Qwen3-0.6B,smart_home,10,1,0.79,,,,,1
gepa_lora,Qwen3-0.6B,smart_home,25,0,0.7466666666666667,,,,,1
gepa_lora,Qwen3-0.6B,smart_home,25,1,0.08333333333333333,,,,,1
gepa_lora,Qwen3-0.6B,smart_home,50,0,0.8166666666666667,,,,,1
gepa_lora,Qwen3-0.6B,smart_home,50,1,0.85,,,,,1
gepa_lora,Qwen3-0.6B,smart_home,100,0,0.88,,,,,1
gepa_lora,Qwen3-0.6B,smart_home,100,1,0.89,,,,,1
gepa_lora,Qwen3-0.6B,git_assistant,5,0,0.36333333333333334,,,,,1
gepa_lora,Qwen3-0.6B,git_assistant,5,1,0.37666666666666665,,,,,1
gepa_lora,Qwen3-0.6B,git_assistant,10,0,0.43333333333333335,,,,,0
gepa_lora,Qwen3-0.6B,git_assistant,10,1,0.5533333333333333,,,,,1
gepa_lora,Qwen3-0.6B,git_assistant,25,0,0.4533333333333333,,,,,1
gepa_lora,Qwen3-0.6B,git_assistant,25,1,0.29,,,,,0
gepa_lora,Qwen3-0.6B,git_assistant,50,0,0.6366666666666667,,,,,0
gepa_lora,Qwen3-0.6B,git_assistant,50,1,0.006666666666666667,,,,,1
gepa_lora,Qwen3-0.6B,git_assistant,100,0,0.8333333333333334,,,,,0
gepa_lora,Qwen3-0.6B,git_assistant,100,1,0.0,,,,,1
gepa_lora,Qwen3-0.6B,trec,5,0,0.5666666666666667,,,,,1
gepa_lora,Qwen3-0.6B,trec,5,1,0.44,,,,,1
gepa_lora,Qwen3-0.6B,trec,10,0,0.6866666666666666,,,,,1
gepa_lora,Qwen3-0.6B,trec,10,1,0.0,,,,,1
gepa_lora,Qwen3-0.6B,trec,25,0,0.77,,,,,0
gepa_lora,Qwen3-0.6B,trec,25,1,0.7033333333333334,,,,,0
gepa_lora,Qwen3-0.6B,trec,50,0,0.7833333333333333,,,,,0
gepa_lora,Qwen3-0.6B,trec,50,1,0.7966666666666666,,,,,1
gepa_lora,Qwen3-0.6B,trec,100,0,0.92,,,,,1
gepa_lora,Qwen3-0.6B,trec,100,1,0.0,,,,,1
gepa_lora,Qwen3-0.6B,ecommerce,5,0,0.19,,,,,1
gepa_lora,Qwen3-0.6B,ecommerce,5,1,0.5033333333333333,,,,,1
gepa_lora,Qwen3-0.6B,ecommerce,10,0,0.6933333333333334,,,,,1
gepa_lora,Qwen3-0.6B,ecommerce,10,1,0.76,,,,,1
gepa_lora,Qwen3-0.6B,ecommerce,25,0,0.8233333333333334,,,,,1
gepa_lora,Qwen3-0.6B,ecommerce,25,1,0.7966666666666666,,,,,1
gepa_lora,Qwen3-0.6B,ecommerce,50,0,0.0,,,,,1
gepa_lora,Qwen3-0.6B,ecommerce,50,1,0.0033333333333333335,,,,,1
gepa_lora,Qwen3-0.6B,ecommerce,100,0,0.9166666666666666,,,,,1
gepa_lora,Qwen3-0.6B,ecommerce,100,1,0.9,,,,,1
gepa_lora,Qwen3-0.6B,injury,5,0,0.47333333333333333,,,,,1
gepa_lora,Qwen3-0.6B,injury,5,1,0.31333333333333335,,,,,1
gepa_lora,Qwen3-0.6B,injury,10,0,0.49,,,,,1
gepa_lora,Qwen3-0.6B,injury,10,1,0.5866666666666667,,,,,0
gepa_lora,Qwen3-0.6B,injury,25,0,0.6333333333333333,,,,,1
gepa_lora,Qwen3-0.6B,injury,25,1,0.6466666666666666,,,,,1
gepa_lora,Qwen3-0.6B,injury,50,0,0.4766666666666667,,,,,1
gepa_lora,Qwen3-0.6B,injury,50,1,0.62,,,,,0
gepa_lora,Qwen3-0.6B,injury,100,0,0.77,,,,,0
gepa_lora,Qwen3-0.6B,injury,100,1,0.71,,,,,1
gepa_lora,Qwen3-0.6B,currency,5,0,0.6166666666666667,,,,,1
gepa_lora,Qwen3-0.6B,currency,5,1,0.58,,,,,0
gepa_lora,Qwen3-0.6B,currency,10,0,0.8133333333333334,,,,,0
gepa_lora,Qwen3-0.6B,currency,10,1,0.7533333333333333,,,,,1
gepa_lora,Qwen3-0.6B,currency,25,0,0.82,,,,,1
gepa_lora,Qwen3-0.6B,currency,25,1,0.83,,,,,1
gepa_lora,Qwen3-0.6B,currency,50,0,0.9633333333333334,,,,,1
gepa_lora,Qwen3-0.6B,currency,50,1,0.9533333333333334,,,,,1
gepa_lora,Qwen3-0.6B,currency,100,0,0.9566666666666667,,,,,1
gepa_lora,Qwen3-0.6B,currency,100,1,0.0,,,,,1
gepa_lora,Qwen3-0.6B,dates,5,0,0.59,,,,,1
gepa_lora,Qwen3-0.6B,dates,5,1,0.5966666666666667,,,,,1
gepa_lora,Qwen3-0.6B,dates,10,0,0.6166666666666667,,,,,1
gepa_lora,Qwen3-0.6B,dates,10,1,0.59,,,,,1
gepa_lora,Qwen3-0.6B,dates,25,0,0.7133333333333334,,,,,1
gepa_lora,Qwen3-0.6B,dates,25,1,0.7,,,,,0
gepa_lora,Qwen3-0.6B,dates,50,0,0.94,,,,,0
gepa_lora,Qwen3-0.6B,dates,50,1,0.8933333333333333,,,,,0
gepa_lora,Qwen3-0.6B,dates,100,0,0.91,,,,,1
gepa_lora,Qwen3-0.6B,dates,100,1,0.9333333333333333,,,,,1
gepa_lora,Qwen3-0.6B,emoji,5,0,0.58,,,,,1
gepa_lora,Qwen3-0.6B,emoji,5,1,0.5233333333333333,,,,,1
gepa_lora,Qwen3-0.6B,emoji,10,0,0.9,,,,,0
gepa_lora,Qwen3-0.6B,emoji,10,1,0.8833333333333333,,,,,1
gepa_lora,Qwen3-0.6B,emoji,25,0,0.9266666666666666,,,,,1
gepa_lora,Qwen3-0.6B,emoji,25,1,0.9033333333333333,,,,,1
gepa_lora,Qwen3-0.6B,emoji,50,0,0.8133333333333334,,,,,0
gepa_lora,Qwen3-0.6B,emoji,50,1,0.8666666666666667,,,,,1
gepa_lora,Qwen3-0.6B,emoji,100,0,0.9666666666666667,,,,,0
gepa_lora,Qwen3-0.6B,emoji,100,1,0.8633333333333333,,,,,1
gepa_lora,Qwen3-0.6B,emoji_list,5,0,0.6033333333333334,,,,,1
gepa_lora,Qwen3-0.6B,emoji_list,5,1,0.5666666666666667,,,,,0
gepa_lora,Qwen3-0.6B,emoji_list,10,0,0.8266666666666667,,,,,1
gepa_lora,Qwen3-0.6B,emoji_list,10,1,0.84,,,,,0
gepa_lora,Qwen3-0.6B,emoji_list,25,0,0.9166666666666666,,,,,0
gepa_lora,Qwen3-0.6B,emoji_list,25,1,0.67,,,,,0
gepa_lora,Qwen3-0.6B,emoji_list,50,0,0.77,,,,,0
gepa_lora,Qwen3-0.6B,emoji_list,50,1,0.7333333333333333,,,,,0
gepa_lora,Qwen3-0.6B,emoji_list,100,0,0.9533333333333334,,,,,0
gepa_lora,Qwen3-0.6B,emoji_list,100,1,0.8833333333333333,,,,,1
gepa_lora,Qwen3-0.6B,replace,5,0,0.4766666666666667,,,,,1
gepa_lora,Qwen3-0.6B,replace,5,1,0.38333333333333336,,,,,1
gepa_lora,Qwen3-0.6B,replace,10,0,0.31,,,,,1
gepa_lora,Qwen3-0.6B,replace,10,1,0.0,,,,,1
gepa_lora,Qwen3-0.6B,replace,25,0,0.53,,,,,0
gepa_lora,Qwen3-0.6B,replace,25,1,0.52,,,,,1
gepa_lora,Qwen3-0.6B,replace,50,0,0.63,,,,,0
gepa_lora,Qwen3-0.6B,replace,50,1,0.5866666666666667,,,,,0
gepa_lora,Qwen3-0.6B,replace,100,0,0.6866666666666666,,,,,0
gepa_lora,Qwen3-0.6B,replace,100,1,0.6866666666666666,,,,,0
gepa_lora,Qwen3-0.6B,delete,5,0,0.11666666666666667,,,,,1
gepa_lora,Qwen3-0.6B,delete,5,1,0.18333333333333332,,,,,1
gepa_lora,Qwen3-0.6B,delete,10,0,0.23,,,,,1
gepa_lora,Qwen3-0.6B,delete,10,1,0.22666666666666666,,,,,1
gepa_lora,Qwen3-0.6B,delete,25,0,0.44333333333333336,,,,,0
gepa_lora,Qwen3-0.6B,delete,25,1,0.0,,,,,1
gepa_lora,Qwen3-0.6B,delete,50,0,0.5866666666666667,,,,,0
gepa_lora,Qwen3-0.6B,delete,50,1,0.7166666666666667,,,,,0
gepa_lora,Qwen3-0.6B,delete,100,0,0.8066666666666666,,,,,1
gepa_lora,Qwen3-0.6B,delete,100,1,0.7866666666666666,,,,,0
gepa_lora,Qwen3-0.6B,insert_before,5,0,0.13,,,,,1
gepa_lora,Qwen3-0.6B,insert_before,5,1,0.23333333333333334,,,,,1
gepa_lora,Qwen3-0.6B,insert_before,10,0,0.0,,,,,1
gepa_lora,Qwen3-0.6B,insert_before,10,1,0.32666666666666666,,,,,1
gepa_lora,Qwen3-0.6B,insert_before,25,0,0.44,,,,,1
gepa_lora,Qwen3-0.6B,insert_before,25,1,0.5,,,,,0
gepa_lora,Qwen3-0.6B,insert_before,50,0,0.0,,,,,1
gepa_lora,Qwen3-0.6B,insert_before,50,1,0.5666666666666667,,,,,0
gepa_lora,Qwen3-0.6B,insert_before,100,0,0.5433333333333333,,,,,1
gepa_lora,Qwen3-0.6B,insert_before,100,1,0.82,,,,,0
gepa_lora,Qwen3-0.6B,text2sql,5,0,0.4633333333333333,,,,,1
gepa_lora,Qwen3-0.6B,text2sql,5,1,0.5033333333333333,,,,,1
gepa_lora,Qwen3-0.6B,text2sql,10,0,0.48,,,,,1
gepa_lora,Qwen3-0.6B,text2sql,10,1,0.5133333333333333,,,,,1
gepa_lora,Qwen3-0.6B,text2sql,25,0,0.55,,,,,0
gepa_lora,Qwen3-0.6B,text2sql,25,1,0.5566666666666666,,,,,1
gepa_lora,Qwen3-0.6B,text2sql,50,0,0.61,,,,,1
gepa_lora,Qwen3-0.6B,text2sql,50,1,0.6333333333333333,,,,,1
gepa_lora,Qwen3-0.6B,text2sql,100,0,0.63,,,,,0
gepa_lora,Qwen3-0.6B,text2sql,100,1,0.65,,,,,1
gepa_lora,Qwen3-0.6B,docstring,5,0,0.05,,,,,1
gepa_lora,Qwen3-0.6B,docstring,5,1,0.6333333333333333,,,,,1
gepa_lora,Qwen3-0.6B,docstring,10,0,0.02666666666666667,,,,,0
gepa_lora,Qwen3-0.6B,docstring,10,1,0.49666666666666665,,,,,1
gepa_lora,Qwen3-0.6B,docstring,25,0,0.01,,,,,0
gepa_lora,Qwen3-0.6B,docstring,25,1,0.0,,,,,1
gepa_lora,Qwen3-0.6B,docstring,50,0,0.09,,,,,1
gepa_lora,Qwen3-0.6B,docstring,50,1,0.5333333333333333,,,,,1
gepa_lora,Qwen3-0.6B,docstring,100,0,0.38,,,,,0
gepa_lora,Qwen3-0.6B,docstring,100,1,0.4,,,,,0
gepa_lora,Qwen3-0.6B,pii,5,0,0.19666666666666666,,,,,1
gepa_lora,Qwen3-0.6B,pii,5,1,0.0,,,,,1
gepa_lora,Qwen3-0.6B,pii,10,0,0.0,,,,,1
gepa_lora,Qwen3-0.6B,pii,10,1,0.0,,,,,1
gepa_lora,Qwen3-0.6B,pii,25,0,0.0,,,,,1
gepa_lora,Qwen3-0.6B,pii,25,1,0.0,,,,,1
gepa_lora,Qwen3-0.6B,pii,50,0,0.0,,,,,1
gepa_lora,Qwen3-0.6B,pii,50,1,0.0,,,,,1
gepa_lora,Qwen3-0.6B,pii,100,0,0.0,,,,,1
gepa_lora,Qwen3-0.6B,pii,100,1,0.0,,,,,1
gepa_lora,Qwen3-1.7B,acebench_hard,5,0,0.49666666666666665,,,,,1
gepa_lora,Qwen3-1.7B,acebench_hard,5,1,0.33,,,,,1
gepa_lora,Qwen3-1.7B,acebench_hard,10,0,0.58,,,,,0
gepa_lora,Qwen3-1.7B,acebench_hard,10,1,0.6533333333333333,,,,,0
gepa_lora,Qwen3-1.7B,acebench_hard,25,0,0.7,,,,,1
gepa_lora,Qwen3-1.7B,acebench_hard,25,1,0.7966666666666666,,,,,1
gepa_lora,Qwen3-1.7B,acebench_hard,50,0,0.7033333333333334,,,,,1
gepa_lora,Qwen3-1.7B,acebench_hard,50,1,0.8033333333333333,,,,,1
gepa_lora,Qwen3-1.7B,acebench_hard,100,0,0.8666666666666667,,,,,1
gepa_lora,Qwen3-1.7B,acebench_hard,100,1,0.8033333333333333,,,,,1
gepa_lora,Qwen3-1.7B,acebench_medium,5,0,0.87,,,,,1
gepa_lora,Qwen3-1.7B,acebench_medium,5,1,0.9233333333333333,,,,,1
gepa_lora,Qwen3-1.7B,acebench_medium,10,0,0.7866666666666666,,,,,1
gepa_lora,Qwen3-1.7B,acebench_medium,10,1,0.9666666666666667,,,,,1
gepa_lora,Qwen3-1.7B,acebench_medium,25,0,0.9166666666666666,,,,,1
gepa_lora,Qwen3-1.7B,acebench_medium,25,1,0.27666666666666667,,,,,1
gepa_lora,Qwen3-1.7B,acebench_medium,50,0,0.9566666666666667,,,,,0
gepa_lora,Qwen3-1.7B,acebench_medium,50,1,0.88,,,,,1
gepa_lora,Qwen3-1.7B,acebench_medium,100,0,0.99,,,,,1
gepa_lora,Qwen3-1.7B,acebench_medium,100,1,0.9666666666666667,,,,,0
gepa_lora,Qwen3-1.7B,smart_home,5,0,0.5966666666666667,,,,,1
gepa_lora,Qwen3-1.7B,smart_home,5,1,0.08,,,,,1
gepa_lora,Qwen3-1.7B,smart_home,10,0,0.6466666666666666,,,,,1
gepa_lora,Qwen3-1.7B,smart_home,10,1,0.22666666666666666,,,,,1
gepa_lora,Qwen3-1.7B,smart_home,25,0,0.0,,,,,1
gepa_lora,Qwen3-1.7B,smart_home,25,1,0.0,,,,,1
gepa_lora,Qwen3-1.7B,smart_home,50,0,0.0033333333333333335,,,,,1
gepa_lora,Qwen3-1.7B,smart_home,50,1,0.0,,,,,1
gepa_lora,Qwen3-1.7B,smart_home,100,0,0.0,,,,,1
gepa_lora,Qwen3-1.7B,smart_home,100,1,0.0,,,,,1
gepa_lora,Qwen3-1.7B,git_assistant,5,0,0.61,,,,,1
gepa_lora,Qwen3-1.7B,git_assistant,5,1,0.0,,,,,1
gepa_lora,Qwen3-1.7B,git_assistant,10,0,0.6966666666666667,,,,,0
gepa_lora,Qwen3-1.7B,git_assistant,10,1,0.0,,,,,1
gepa_lora,Qwen3-1.7B,git_assistant,25,0,0.0,,,,,1
gepa_lora,Qwen3-1.7B,git_assistant,25,1,0.0,,,,,1
gepa_lora,Qwen3-1.7B,git_assistant,50,0,0.056666666666666664,,,,,1
gepa_lora,Qwen3-1.7B,git_assistant,50,1,0.0,,,,,1
gepa_lora,Qwen3-1.7B,git_assistant,100,0,0.0,,,,,1
gepa_lora,Qwen3-1.7B,git_assistant,100,1,0.0,,,,,1
gepa_lora,Qwen3-1.7B,trec,5,0,0.6066666666666667,,,,,1
gepa_lora,Qwen3-1.7B,trec,5,1,0.43666666666666665,,,,,1
gepa_lora,Qwen3-1.7B,trec,10,0,0.5266666666666666,,,,,1
gepa_lora,Qwen3-1.7B,trec,10,1,0.6066666666666667,,,,,1
gepa_lora,Qwen3-1.7B,trec,25,0,0.6833333333333333,,,,,0
gepa_lora,Qwen3-1.7B,trec,25,1,0.6633333333333333,,,,,1
gepa_lora,Qwen3-1.7B,trec,50,0,0.89,,,,,1
gepa_lora,Qwen3-1.7B,trec,50,1,0.7533333333333333,,,,,1
gepa_lora,Qwen3-1.7B,trec,100,0,0.81,,,,,1
gepa_lora,Qwen3-1.7B,trec,100,1,0.89,,,,,0
gepa_lora,Qwen3-1.7B,ecommerce,5,0,0.7866666666666666,,,,,1
gepa_lora,Qwen3-1.7B,ecommerce,5,1,0.7433333333333333,,,,,1
gepa_lora,Qwen3-1.7B,ecommerce,10,0,0.8,,,,,1
gepa_lora,Qwen3-1.7B,ecommerce,10,1,0.78,,,,,1
gepa_lora,Qwen3-1.7B,ecommerce,25,0,0.8633333333333333,,,,,1
gepa_lora,Qwen3-1.7B,ecommerce,25,1,0.8233333333333334,,,,,1
gepa_lora,Qwen3-1.7B,ecommerce,50,0,0.08666666666666667,,,,,1
gepa_lora,Qwen3-1.7B,ecommerce,50,1,0.87,,,,,1
gepa_lora,Qwen3-1.7B,ecommerce,100,0,0.8866666666666667,,,,,1
gepa_lora,Qwen3-1.7B,ecommerce,100,1,0.9,,,,,0
gepa_lora,Qwen3-1.7B,injury,5,0,0.6466666666666666,,,,,1
gepa_lora,Qwen3-1.7B,injury,5,1,0.58,,,,,1
gepa_lora,Qwen3-1.7B,injury,10,0,0.6833333333333333,,,,,0
gepa_lora,Qwen3-1.7B,injury,10,1,0.49,,,,,1
gepa_lora,Qwen3-1.7B,injury,25,0,0.74,,,,,1
gepa_lora,Qwen3-1.7B,injury,25,1,0.6866666666666666,,,,,1
gepa_lora,Qwen3-1.7B,injury,50,0,0.77,,,,,1
gepa_lora,Qwen3-1.7B,injury,50,1,0.8433333333333334,,,,,1
gepa_lora,Qwen3-1.7B,injury,100,0,0.82,,,,,1
gepa_lora,Qwen3-1.7B,injury,100,1,0.8133333333333334,,,,,1
gepa_lora,Qwen3-1.7B,currency,5,0,0.8933333333333333,,,,,1
gepa_lora,Qwen3-1.7B,currency,5,1,0.85,,,,,1
gepa_lora,Qwen3-1.7B,currency,10,0,0.67,,,,,1
gepa_lora,Qwen3-1.7B,currency,10,1,0.95,,,,,1
gepa_lora,Qwen3-1.7B,currency,25,0,0.9766666666666667,,,,,1
gepa_lora,Qwen3-1.7B,currency,25,1,0.9833333333333333,,,,,1
gepa_lora,Qwen3-1.7B,currency,50,0,0.9833333333333333,,,,,1
gepa_lora,Qwen3-1.7B,currency,50,1,0.9733333333333334,,,,,1
gepa_lora,Qwen3-1.7B,currency,100,0,0.96,,,,,1
gepa_lora,Qwen3-1.7B,currency,100,1,0.9933333333333333,,,,,1
gepa_lora,Qwen3-1.7B,dates,5,0,0.6066666666666667,,,,,1
gepa_lora,Qwen3-1.7B,dates,5,1,0.8933333333333333,,,,,1
gepa_lora,Qwen3-1.7B,dates,10,0,0.65,,,,,1
gepa_lora,Qwen3-1.7B,dates,10,1,0.75,,,,,0
gepa_lora,Qwen3-1.7B,dates,25,0,0.9266666666666666,,,,,1
gepa_lora,Qwen3-1.7B,dates,25,1,0.9366666666666666,,,,,1
gepa_lora,Qwen3-1.7B,dates,50,0,0.95,,,,,1
gepa_lora,Qwen3-1.7B,dates,50,1,0.96,,,,,1
gepa_lora,Qwen3-1.7B,dates,100,0,0.9566666666666667,,,,,0
gepa_lora,Qwen3-1.7B,dates,100,1,0.97,,,,,1
gepa_lora,Qwen3-1.7B,emoji,5,0,0.74,,,,,1
gepa_lora,Qwen3-1.7B,emoji,5,1,0.9466666666666667,,,,,1
gepa_lora,Qwen3-1.7B,emoji,10,0,0.83,,,,,1
gepa_lora,Qwen3-1.7B,emoji,10,1,0.9533333333333334,,,,,1
gepa_lora,Qwen3-1.7B,emoji,25,0,0.9066666666666666,,,,,1
gepa_lora,Qwen3-1.7B,emoji,25,1,0.9233333333333333,,,,,1
gepa_lora,Qwen3-1.7B,emoji,50,0,0.8933333333333333,,,,,0
gepa_lora,Qwen3-1.7B,emoji,50,1,0.8433333333333334,,,,,1
gepa_lora,Qwen3-1.7B,emoji,100,0,0.9066666666666666,,,,,0
gepa_lora,Qwen3-1.7B,emoji,100,1,0.9066666666666666,,,,,1
gepa_lora,Qwen3-1.7B,emoji_list,5,0,0.8633333333333333,,,,,1
gepa_lora,Qwen3-1.7B,emoji_list,5,1,0.77,,,,,1
gepa_lora,Qwen3-1.7B,emoji_list,10,0,0.33,,,,,0
gepa_lora,Qwen3-1.7B,emoji_list,10,1,0.9333333333333333,,,,,1
gepa_lora,Qwen3-1.7B,emoji_list,25,0,0.8066666666666666,,,,,1
gepa_lora,Qwen3-1.7B,emoji_list,25,1,0.48333333333333334,,,,,1
gepa_lora,Qwen3-1.7B,emoji_list,50,0,0.6166666666666667,,,,,1
gepa_lora,Qwen3-1.7B,emoji_list,50,1,0.9133333333333333,,,,,1
gepa_lora,Qwen3-1.7B,emoji_list,100,0,0.9066666666666666,,,,,1
gepa_lora,Qwen3-1.7B,emoji_list,100,1,0.8833333333333333,,,,,0
gepa_lora,Qwen3-1.7B,replace,5,0,0.59,,,,,1
gepa_lora,Qwen3-1.7B,replace,5,1,0.27666666666666667,,,,,1
gepa_lora,Qwen3-1.7B,replace,10,0,0.6466666666666666,,,,,1
gepa_lora,Qwen3-1.7B,replace,10,1,0.5866666666666667,,,,,1
gepa_lora,Qwen3-1.7B,replace,25,0,0.61,,,,,1
gepa_lora,Qwen3-1.7B,replace,25,1,0.5266666666666666,,,,,0
gepa_lora,Qwen3-1.7B,replace,50,0,0.68,,,,,0
gepa_lora,Qwen3-1.7B,replace,50,1,0.6466666666666666,,,,,1
gepa_lora,Qwen3-1.7B,replace,100,0,0.73,,,,,0
gepa_lora,Qwen3-1.7B,replace,100,1,0.0,,,,,1
gepa_lora,Qwen3-1.7B,delete,5,0,0.4166666666666667,,,,,1
gepa_lora,Qwen3-1.7B,delete,5,1,0.23,,,,,1
gepa_lora,Qwen3-1.7B,delete,10,0,0.49333333333333335,,,,,1
gepa_lora,Qwen3-1.7B,delete,10,1,0.41,,,,,1
gepa_lora,Qwen3-1.7B,delete,25,0,0.6766666666666666,,,,,1
gepa_lora,Qwen3-1.7B,delete,25,1,0.6333333333333333,,,,,0
gepa_lora,Qwen3-1.7B,delete,50,0,0.79,,,,,1
gepa_lora,Qwen3-1.7B,delete,50,1,0.71,,,,,1
gepa_lora,Qwen3-1.7B,delete,100,0,0.8066666666666666,,,,,1
gepa_lora,Qwen3-1.7B,delete,100,1,0.7633333333333333,,,,,1
gepa_lora,Qwen3-1.7B,insert_before,5,0,0.37666666666666665,,,,,1
gepa_lora,Qwen3-1.7B,insert_before,5,1,0.2966666666666667,,,,,0
gepa_lora,Qwen3-1.7B,insert_before,10,0,0.5133333333333333,,,,,1
gepa_lora,Qwen3-1.7B,insert_before,10,1,0.4266666666666667,,,,,1
gepa_lora,Qwen3-1.7B,insert_before,25,0,0.6133333333333333,,,,,0
gepa_lora,Qwen3-1.7B,insert_before,25,1,0.7466666666666667,,,,,0
gepa_lora,Qwen3-1.7B,insert_before,50,0,0.74,,,,,1
gepa_lora,Qwen3-1.7B,insert_before,50,1,0.7533333333333333,,,,,1
gepa_lora,Qwen3-1.7B,insert_before,100,0,0.8666666666666667,,,,,1
gepa_lora,Qwen3-1.7B,insert_before,100,1,0.9,,,,,1
gepa_lora,Qwen3-1.7B,text2sql,5,0,0.7433333333333333,,,,,1
gepa_lora,Qwen3-1.7B,text2sql,5,1,0.0,,,,,1
gepa_lora,Qwen3-1.7B,text2sql,10,0,0.75,,,,,1
gepa_lora,Qwen3-1.7B,text2sql,10,1,0.7166666666666667,,,,,1
gepa_lora,Qwen3-1.7B,text2sql,25,0,0.81,,,,,1
gepa_lora,Qwen3-1.7B,text2sql,25,1,0.76,,,,,1
gepa_lora,Qwen3-1.7B,text2sql,50,0,0.7566666666666667,,,,,0
gepa_lora,Qwen3-1.7B,text2sql,50,1,0.76,,,,,1
gepa_lora,Qwen3-1.7B,text2sql,100,0,0.7833333333333333,,,,,1
gepa_lora,Qwen3-1.7B,text2sql,100,1,0.8233333333333334,,,,,1
gepa_lora,Qwen3-1.7B,docstring,5,0,0.84,,,,,1
gepa_lora,Qwen3-1.7B,docstring,5,1,0.02666666666666667,,,,,1
gepa_lora,Qwen3-1.7B,docstring,10,0,0.0,,,,,1
gepa_lora,Qwen3-1.7B,docstring,10,1,0.08333333333333333,,,,,1
gepa_lora,Qwen3-1.7B,docstring,25,0,0.013333333333333334,,,,,1
gepa_lora,Qwen3-1.7B,docstring,25,1,0.0,,,,,1
gepa_lora,Qwen3-1.7B,docstring,50,0,0.5266666666666666,,,,,1
gepa_lora,Qwen3-1.7B,docstring,50,1,0.11,,,,,0
gepa_lora,Qwen3-1.7B,docstring,100,0,0.13666666666666666,,,,,0
gepa_lora,Qwen3-1.7B,docstring,100,1,0.0033333333333333335,,,,,1
gepa_lora,Qwen3-1.7B,pii,5,0,0.3333333333333333,,,,,1
gepa_lora,Qwen3-1.7B,pii,5,1,0.26666666666666666,,,,,0
gepa_lora,Qwen3-1.7B,pii,10,0,0.31333333333333335,,,,,1
gepa_lora,Qwen3-1.7B,pii,10,1,0.3,,,,,1
gepa_lora,Qwen3-1.7B,pii,25,0,0.11666666666666667,,,,,1
gepa_lora,Qwen3-1.7B,pii,25,1,0.43333333333333335,,,,,0
gepa_lora,Qwen3-1.7B,pii,50,0,0.45666666666666667,,,,,0
gepa_lora,Qwen3-1.7B,pii,50,1,0.61,,,,,1
gepa_lora,Qwen3-1.7B,pii,100,0,0.4633333333333333,,,,,1
gepa_lora,Qwen3-1.7B,pii,100,1,0.6466666666666666,,,,,0
